id,slug,domain,name,events,finishers,finishes,volunteers,pbs,avg_time,groups,scraped_at
1,bushy,www.parkrun.org.uk,Bushy,"1,103","125,149","988,216","3,730","115,501",00:28:11,"4,062",2026-08-19T11:22:17.264926+00:00
2,wimbledon,www.parkrun.org.uk,Wimbledon Common,958,"45,799","319,227","1,798","43,270",00:27:54,"1,840",2026-08-19T11:22:20.390141+00:00
3,banstead,www.parkrun.org.uk,Banstead Woods,936,"20,447","165,562",805,"22,324",00:27:58,"1,136",2026-08-19T11:22:23.530880+00:00
4,richmond,www.parkrun.org.uk,Richmond,928,"47,613","306,025","1,857","40,181",00:28:31,"2,055",2026-08-19T11:22:26.670621+00:00
5,woodhousemoor,www.parkrun.org.uk,Woodhouse Moor,922,"49,368","359,731","3,065","54,612",00:28:09,"1,888",2026-08-19T11:22:29.810701+00:00
6,bramhall,www.parkrun.org.uk,Bramhall,850,"28,155","287,761","1,629","38,861",00:28:06,"1,106",2026-08-19T11:22:33.067899+00:00
8,brighton,www.parkrun.org.uk,Brighton & Hove,915,"33,456","325,351","2,576","46,623",00:27:21,"1,422",2026-08-19T11:22:36.211420+00:00
9,cardiff,www.parkrun.org.uk,Cardiff,884,"56,659","442,200","2,944","63,701",00:27:55,"2,217",2026-08-19T11:22:39.355623+00:00
10,albert,www.parkrun.org.uk,"Albert, Middlesbrough",885,"21,622","222,687","1,520","31,642",00:28:25,"1,033",2026-08-19T11:22:42.492535+00:00
11,basingstoke,www.parkrun.org.uk,Basingstoke,901,"28,109","318,382","2,182","41,502",00:29:57,"1,240",2026-08-19T11:22:45.634453+00:00
12,pollok,www.parkrun.org.uk,"Pollok, Glasgow",834,"35,552","276,318","2,271","42,045",00:28:07,"1,373",2026-08-19T11:22:48.781876+00:00
14,gorleston,www.parkrun.org.uk,Gorleston Cliffs,833,"20,938","202,672","1,164","26,111",00:29:21,"1,198",2026-08-19T11:22:51.929349+00:00
15,bedfont,www.parkrun.org.uk,Bedfont Lakes,804,"16,922","109,840","1,430","14,630",00:29:41,"1,202",2026-08-19T11:22:56.165793+00:00
18,heaton,www.parkrun.org.uk,Heaton,746,"41,565","400,539","2,484","57,081",00:30:06,"1,459",2026-08-19T11:22:59.305136+00:00
19,roundshaw,www.parkrun.org.uk,Roundshaw Downs,841,"12,909","101,588","1,002","12,440",00:29:37,850,2026-08-19T11:23:02.440433+00:00
20,reading,www.parkrun.org.uk,Reading,717,"27,053","182,558","1,465","27,440",00:28:13,"1,442",2026-08-19T11:23:05.582364+00:00
21,woodbank,www.parkrun.org.uk,Woodbank,797,"17,256","116,737",940,"16,595",00:29:34,928,2026-08-19T11:23:08.719773+00:00
22,blackpark,www.parkrun.org.uk,Black Park,830,"36,999","383,046","1,402","49,620",00:30:39,"1,474",2026-08-19T11:23:11.864771+00:00
23,silksworth,www.parkrun.org.uk,Silksworth,768,"12,850","113,513",985,"14,980",00:29:04,712,2026-08-19T11:23:15.012824+00:00
24,finsbury,www.parkrun.org.uk,Finsbury,736,"47,576","248,066","2,092","36,616",00:27:40,"2,085",2026-08-19T11:23:18.154178+00:00
26,edinburgh,www.parkrun.org.uk,Edinburgh,786,"54,595","348,898","2,570","49,128",00:27:10,"2,398",2026-08-19T11:23:21.293504+00:00
27,bromley,www.parkrun.org.uk,Bromley,792,"32,210","382,003","2,456","51,958",00:28:24,"1,129",2026-08-19T11:23:24.428418+00:00
28,southmanchester,www.parkrun.org.uk,South Manchester,754,"39,427","232,242","2,254","36,570",00:27:23,"1,755",2026-08-19T11:23:27.580611+00:00
29,bexley,www.parkrun.org.uk,Bexley,688,"21,948","210,506","1,500","29,261",00:30:46,996,2026-08-19T11:23:30.715141+00:00
30,wakefieldthornes,www.parkrun.org.uk,Wakefield Thornes,511,"18,454","127,191","1,313","19,085",00:30:34,924,2026-08-19T11:23:33.852663+00:00
31,harrow,www.parkrun.org.uk,Harrow,516,"14,094","109,550",894,"16,036",00:30:15,945,2026-08-19T11:23:36.997789+00:00
34,hull,www.parkrun.org.uk,Hull,789,"26,471","328,696","1,717","45,116",00:29:19,"1,056",2026-08-19T11:23:40.133564+00:00
35,hadleigh,www.parkrun.org.uk,"Hadleigh, Essex",432,"9,103","51,381",960,"7,929",00:33:39,570,2026-08-19T11:23:43.275317+00:00
38,banbury,www.parkrun.org.uk,Banbury,520,"15,893","114,537","1,372","16,584",00:30:07,"1,127",2026-08-19T11:23:46.417916+00:00
39,eastbourne,www.parkrun.org.uk,Eastbourne,704,"21,249","175,476","1,450","23,164",00:29:07,"1,287",2026-08-19T11:23:51.213657+00:00
41,aberdeen,www.parkrun.org.uk,Aberdeen,711,"22,617","181,935","1,403","26,941",00:28:08,"1,105",2026-08-19T11:23:54.348580+00:00
44,grovelands,www.parkrun.org.uk,"Grovelands, Enfield",773,"15,646","119,799",834,"16,460",00:28:19,960,2026-08-19T11:23:57.483370+00:00
45,lutonwardown,www.parkrun.org.uk,Luton Wardown,516,"15,391","139,575","1,356","19,755",00:32:26,885,2026-08-19T11:24:03.688530+00:00
46,basildon,www.parkrun.org.uk,Basildon,580,"12,239","90,850","1,097","14,292",00:31:45,652,2026-08-19T11:24:06.828729+00:00
47,plean,www.parkrun.org.uk,Plean,365,"6,743","21,792",900,"3,048",00:30:33,589,2026-08-19T11:24:09.966125+00:00
48,kingsway,www.parkrun.org.uk,"Kingsway, Gloucester",501,"15,005","101,975","1,197","15,153",00:30:04,"1,017",2026-08-19T11:24:13.105543+00:00
49,frimleylodge,www.parkrun.org.uk,Frimley Lodge,790,"33,866","308,092","1,985","41,285",00:29:13,"1,461",2026-08-19T11:24:16.248040+00:00
50,ashtoncourt,www.parkrun.org.uk,Ashton Court,708,"46,619","254,089","2,109","36,450",00:29:05,"2,022",2026-08-19T11:24:19.394085+00:00
51,hackneymarshes,www.parkrun.org.uk,Hackney Marshes,772,"34,253","172,994","1,830","23,882",00:26:47,"1,720",2026-08-19T11:24:22.531096+00:00
53,averyhill,www.parkrun.org.uk,Avery Hill,809,"18,144","150,730","1,314","19,920",00:29:12,"1,021",2026-08-19T11:24:27.108538+00:00
54,tamartrails,www.parkrun.org.uk,Tamar Trails,434,"10,704","44,701",632,"6,446",00:31:11,"1,020",2026-08-19T11:24:31.707386+00:00
56,olddeerpark,www.parkrun.org.uk,Old Deer Park,754,"18,691","80,497","1,076","9,308",00:29:03,"1,354",2026-08-19T11:24:34.840593+00:00
57,townmoor,www.parkrun.org.uk,Town Moor,715,"43,951","314,309","2,771","49,940",00:27:17,"1,815",2026-08-19T11:24:37.975387+00:00
58,colwick,www.parkrun.org.uk,Colwick,709,"25,534","183,302","1,668","26,944",00:30:50,"1,220",2026-08-19T11:24:42.548750+00:00
59,preston,www.parkrun.org.uk,Preston,635,"24,181","204,662","1,659","30,184",00:29:22,"1,247",2026-08-19T11:24:45.688322+00:00
60,southampton,www.parkrun.org.uk,Southampton,665,"48,237","508,884","3,405","71,360",00:28:49,"1,781",2026-08-19T11:24:48.831202+00:00
61,lydiard,www.parkrun.org.uk,Lydiard,745,"30,714","259,003","2,122","39,110",00:29:48,"1,450",2026-08-19T11:24:53.759923+00:00
63,rostrevor,www.parkrun.org.uk,Rostrevor,375,"5,231","17,873",418,"2,650",00:29:37,432,2026-08-19T11:24:56.909092+00:00
64,andover,www.parkrun.org.uk,Andover,740,"19,610","173,509","1,179","22,039",00:30:05,"1,128",2026-08-19T11:25:01.647203+00:00
65,prudhoeriverside,www.parkrun.org.uk,Prudhoe Riverside,425,"11,716","61,463","1,025","9,941",00:29:29,732,2026-08-19T11:25:06.538432+00:00
68,forestofdean,www.parkrun.org.uk,Forest of Dean,787,"17,203","75,626",999,"9,028",00:29:22,"1,396",2026-08-19T11:25:09.682832+00:00
69,coventry,www.parkrun.org.uk,Coventry,757,"39,378","387,280","2,050","55,952",00:29:33,"1,649",2026-08-19T11:25:12.822128+00:00
71,guildford,www.parkrun.org.uk,Guildford,610,"28,460","205,563","1,770","29,576",00:28:29,"1,370",2026-08-19T11:25:15.965477+00:00
72,hampsteadheath,www.parkrun.org.uk,Hampstead Heath,702,"44,633","200,845","1,783","28,318",00:28:52,"2,198",2026-08-19T11:25:19.106327+00:00
75,kingston,www.parkrun.org.uk,Kingston,777,"24,378","163,124","1,322","19,027",00:28:26,"1,460",2026-08-19T11:25:22.246982+00:00
76,brockwell,www.parkrun.org.uk,"Brockwell, Herne Hill",691,"37,286","189,395","2,033","28,735",00:26:38,"1,540",2026-08-19T11:25:25.381160+00:00
77,leamington,www.parkrun.org.uk,Leamington,734,"33,476","276,003","2,701","37,961",00:29:33,"1,657",2026-08-19T11:25:28.523118+00:00
78,cannockchase,www.parkrun.org.uk,Cannock Chase,413,"22,538","142,609","1,512","22,750",00:31:01,"1,161",2026-08-19T11:25:32.792675+00:00
79,maidstoneriverpark,www.parkrun.org.uk,Maidstone River Park,628,"20,905","198,372","1,443","26,862",00:30:14,"1,043",2026-08-19T11:25:35.924712+00:00
81,oxford,www.parkrun.org.uk,Oxford,684,"29,520","188,809","1,919","24,848",00:28:18,"1,858",2026-08-19T11:25:40.274708+00:00
82,plymvalley,www.parkrun.org.uk,Plymvalley,648,"17,866","117,790","1,378","18,330",00:30:40,"1,128",2026-08-19T11:25:43.414743+00:00
83,trelissick,www.parkrun.org.uk,Trelissick,426,"16,811","80,072",838,"10,771",00:31:36,"1,357",2026-08-19T11:25:46.548619+00:00
84,riverfront,www.parkrun.org.uk,Riverfront,410,"17,065","115,357","1,475","17,139",00:29:39,933,2026-08-19T11:25:49.697281+00:00
86,endcliffe,www.parkrun.org.uk,Endcliffe,725,"46,756","368,411","2,456","55,438",00:27:57,"1,719",2026-08-19T11:25:52.848943+00:00
89,hyndburn,www.parkrun.org.uk,Hyndburn,377,"9,130","46,285",860,"7,315",00:32:29,662,2026-08-19T11:25:55.987414+00:00
91,southsea,www.parkrun.org.uk,Southsea,596,"31,554","216,656","1,759","29,269",00:29:00,"1,566",2026-08-19T11:25:59.136475+00:00
95,stalbans,www.parkrun.org.uk,St Albans,692,"32,657","245,603","2,179","34,666",00:28:32,"1,508",2026-08-19T11:26:02.293433+00:00
96,york,www.parkrun.org.uk,York,606,"57,721","290,507","2,483","38,199",00:28:09,"2,632",2026-08-19T11:26:05.413120+00:00
97,havant,www.parkrun.org.uk,Havant,672,"18,691","143,309","1,323","18,971",00:31:00,"1,092",2026-08-19T11:26:09.979995+00:00
98,rugby,www.parkrun.org.uk,Rugby,402,"12,660","71,646","1,324","10,405",00:30:00,931,2026-08-19T11:26:13.129411+00:00
99,beckenhamplace,www.parkrun.org.uk,Beckenham Place,437,"17,938","107,826",853,"14,339",00:28:57,945,2026-08-19T11:26:16.263534+00:00
100,whiteley,www.parkrun.org.uk,Whiteley,387,"13,805","94,143","1,340","14,825",00:29:22,734,2026-08-19T11:26:19.402747+00:00
101,norwich,www.parkrun.org.uk,Norwich,766,"36,146","329,955","1,588","52,303",00:27:29,"1,369",2026-08-19T11:26:22.542627+00:00
102,torbayvelopark,www.parkrun.org.uk,Torbay Velopark,432,"21,002","119,708","1,407","19,110",00:29:46,"1,446",2026-08-19T11:26:25.678393+00:00
103,ashford,www.parkrun.org.uk,Ashford,575,"16,257","134,412","1,400","20,429",00:29:41,909,2026-08-19T11:26:28.815979+00:00
104,braunstone,www.parkrun.org.uk,Braunstone,756,"25,057","228,076","2,193","32,690",00:28:44,"1,276",2026-08-19T11:26:31.963266+00:00
106,oldham,www.parkrun.org.uk,Oldham,745,"18,292","126,474","1,204","18,683",00:30:02,979,2026-08-19T11:26:35.109173+00:00
107,rodingvalley,www.parkrun.org.uk,Roding Valley,424,"9,828","50,717",611,"7,297",00:29:12,667,2026-08-19T11:26:38.252239+00:00
108,bedford,www.parkrun.org.uk,Bedford,703,"25,486","225,314","1,732","33,370",00:29:39,"1,196",2026-08-19T11:26:41.397018+00:00
109,millom,www.parkrun.org.uk,Millom,431,"3,349","19,691",277,"2,707",00:32:20,515,2026-08-19T11:26:45.625058+00:00
111,dudley,www.parkrun.org.uk,Dudley,385,"14,653","83,001","1,467","13,529",00:31:00,882,2026-08-19T11:26:48.767635+00:00
112,bestwoodvillage,www.parkrun.org.uk,Bestwood Village,429,"10,750","48,670","1,014","6,796",00:33:08,774,2026-08-19T11:26:53.291342+00:00
113,miltonkeynes,www.parkrun.org.uk,Milton Keynes,778,"40,626","359,922","3,094","51,733",00:30:37,"1,684",2026-08-19T11:26:56.421785+00:00
114,hyde,www.parkrun.org.uk,Hyde,430,"11,480","62,634",817,"9,786",00:30:28,689,2026-08-19T11:26:59.561041+00:00
116,phoenix,www.parkrun.org.uk,Phoenix,410,"9,103","36,506",745,"5,745",00:31:41,688,2026-08-19T11:27:02.705411+00:00
118,knowsley,www.parkrun.org.uk,Knowsley,415,"11,341","43,008",838,"6,344",00:31:07,874,2026-08-19T11:27:06.981880+00:00
120,newtown,www.parkrun.org.uk,Newtown,370,"8,343","52,522",487,"7,667",00:30:52,824,2026-08-19T11:27:10.119213+00:00
121,bathskyline,www.parkrun.org.uk,Bath Skyline,539,"30,230","149,498","1,676","20,471",00:29:01,"1,861",2026-08-19T11:27:13.263153+00:00
122,moorsvalley,www.parkrun.org.uk,Moors Valley,471,"31,790","214,179","1,809","30,621",00:30:31,"1,495",2026-08-19T11:27:16.405006+00:00
124,shipleycountry,www.parkrun.org.uk,Shipley Country,389,"14,263","68,202","1,350","10,271",00:32:08,946,2026-08-19T11:27:19.542551+00:00
125,rickmansworth,www.parkrun.org.uk,Rickmansworth,425,"26,674","190,900","1,500","29,507",00:29:45,"1,262",2026-08-19T11:27:22.678806+00:00
126,highburyfields,www.parkrun.org.uk,Highbury Fields,708,"45,522","203,792","1,690","28,251",00:27:07,"2,206",2026-08-19T11:27:25.818411+00:00
127,halifax,www.parkrun.org.uk,Halifax,499,"13,386","75,127","1,201","12,099",00:30:46,844,2026-08-19T11:27:30.043892+00:00
128,miltoncountry,www.parkrun.org.uk,Milton Country,687,"29,759","233,033","2,463","35,735",00:28:16,"1,538",2026-08-19T11:27:33.181761+00:00
131,listerpark,www.parkrun.org.uk,"Lister Park, Bradford",756,"26,583","239,696","2,038","36,985",00:30:33,"1,078",2026-08-19T11:27:36.318153+00:00
132,canterbury,www.parkrun.org.uk,Canterbury,572,"11,609","65,220",968,"8,419",00:30:25,943,2026-08-19T11:27:39.453936+00:00
133,nonsuch,www.parkrun.org.uk,Nonsuch,692,"38,688","370,602","2,790","48,787",00:28:57,"1,500",2026-08-19T11:27:42.591284+00:00
137,sthelens,www.parkrun.org.uk,St Helens,551,"16,537","146,424","1,202","20,706",00:31:18,797,2026-08-19T11:27:45.740529+00:00
138,royaltunbridgewells,www.parkrun.org.uk,Royal Tunbridge Wells,550,"17,342","113,333","1,090","14,619",00:30:00,992,2026-08-19T11:27:48.883663+00:00
140,sheptonmallet,www.parkrun.org.uk,Shepton Mallet,377,"11,686","64,999","1,019","10,247",00:30:22,964,2026-08-19T11:27:52.017590+00:00
143,eastleigh,www.parkrun.org.uk,Eastleigh,739,"21,597","147,177","1,994","20,573",00:30:06,"1,265",2026-08-19T11:27:55.161670+00:00
148,boston,www.parkrun.org.uk,Boston,490,"9,620","69,780",914,"9,917",00:31:09,900,2026-08-19T11:27:59.609376+00:00
149,lincoln,www.parkrun.org.uk,Lincoln,580,"23,268","199,397","1,551","30,109",00:30:06,"1,258",2026-08-19T11:28:02.760362+00:00
151,pontefract,www.parkrun.org.uk,Pontefract,718,"25,117","182,629","1,631","27,097",00:30:14,"1,262",2026-08-19T11:28:07.330601+00:00
153,rosliston,www.parkrun.org.uk,Rosliston,473,"15,666","91,807","1,458","11,930",00:33:21,"1,071",2026-08-19T11:28:12.154084+00:00
154,crystalpalace,www.parkrun.org.uk,Crystal Palace,727,"26,125","182,838","1,483","24,856",00:28:17,"1,328",2026-08-19T11:28:15.285903+00:00
155,carlisle,www.parkrun.org.uk,Carlisle,621,"13,266","112,973",920,"15,088",00:29:48,"1,126",2026-08-19T11:28:18.419831+00:00
156,whitleybay,www.parkrun.org.uk,Whitley Bay,592,"27,313","207,611","1,790","28,337",00:28:14,"1,373",2026-08-19T11:28:21.582896+00:00
158,aviemore,www.parkrun.org.uk,Aviemore,394,"13,833","31,736",438,"3,872",00:29:04,"1,228",2026-08-19T11:28:24.717036+00:00
159,strathclyde,www.parkrun.org.uk,Strathclyde,718,"26,693","173,172","1,778","28,725",00:28:15,"1,146",2026-08-19T11:28:27.848346+00:00
160,camperdown,www.parkrun.org.uk,"Camperdown, Dundee",651,"14,902","114,226","1,022","16,126",00:30:04,919,2026-08-19T11:28:30.982416+00:00
161,minehead,www.parkrun.org.uk,Minehead,439,"14,284","52,857",637,"6,449",00:30:34,"1,346",2026-08-19T11:28:34.117512+00:00
164,arrowvalley,www.parkrun.org.uk,Arrow Valley,655,"26,072","220,446","1,974","30,896",00:29:49,"1,332",2026-08-19T11:28:38.302315+00:00
165,waterworks,www.parkrun.org.uk,"Waterworks, Belfast",763,"16,348","164,915","1,217","21,308",00:28:53,636,2026-08-19T11:28:42.592181+00:00
171,peacehaven,www.parkrun.org.uk,Peacehaven,397,"7,446","44,373",870,"6,783",00:31:53,573,2026-08-19T11:28:45.723206+00:00
172,bournemouth,www.parkrun.org.uk,Bournemouth,596,"31,574","251,636","2,175","32,054",00:28:43,"1,603",2026-08-19T11:28:48.853921+00:00
174,mansfield,www.parkrun.org.uk,Mansfield,630,"9,870","57,500",737,"9,873",00:28:54,726,2026-08-19T11:28:51.988706+00:00
176,brueton,www.parkrun.org.uk,Brueton,766,"29,416","280,152","1,872","38,273",00:28:55,"1,451",2026-08-19T11:28:55.120594+00:00
177,eglinton,www.parkrun.org.uk,Eglinton,608,"10,100","81,152","1,056","11,628",00:29:36,609,2026-08-19T11:28:58.258676+00:00
178,navan,www.parkrun.ie,Navan,485,"6,609","50,880",718,"7,627",00:31:49,338,2026-08-19T11:29:01.597902+00:00
181,northampton,www.parkrun.org.uk,Northampton,662,"27,055","240,139","2,068","35,433",00:29:25,"1,299",2026-08-19T11:29:04.713865+00:00
182,markeaton,www.parkrun.org.uk,Markeaton,554,"30,630","202,474","1,833","32,718",00:29:24,"1,488",2026-08-19T11:29:07.862841+00:00
183,valentines,www.parkrun.org.uk,Valentines,741,"24,524","169,593","1,564","21,032",00:31:32,"1,632",2026-08-19T11:29:10.994462+00:00
184,oakhill,www.parkrun.org.uk,Oak Hill,712,"17,944","148,434","1,120","20,414",00:28:59,"1,057",2026-08-19T11:29:14.105653+00:00
185,greenock,www.parkrun.org.uk,Greenock,568,"7,935","59,142",663,"7,268",00:27:47,629,2026-08-19T11:29:17.235439+00:00
188,colchestercastle,www.parkrun.org.uk,Colchester Castle,618,"22,173","185,270","2,322","26,928",00:29:33,"1,155",2026-08-19T11:29:21.524748+00:00
189,cannonhill,www.parkrun.org.uk,"Cannon Hill, Birmingham",725,"43,740","373,977","2,977","53,912",00:28:23,"1,805",2026-08-19T11:29:24.651439+00:00
190,lloyd,www.parkrun.org.uk,"Lloyd, Croydon",775,"17,037","131,316","1,318","17,001",00:30:59,"1,015",2026-08-19T11:29:27.782318+00:00
191,gunnersbury,www.parkrun.org.uk,Gunnersbury,690,"36,437","295,776","2,248","39,930",00:28:50,"1,823",2026-08-19T11:29:30.913962+00:00
192,burnhamoncrouch,www.parkrun.org.uk,Burnham-on-Crouch,397,"5,252","37,682",517,"4,951",00:31:12,414,2026-08-19T11:29:34.045336+00:00
198,greenhamcommon,www.parkrun.org.uk,"Greenham Common, Newbury",685,"31,337","269,824","2,491","36,593",00:29:32,"1,513",2026-08-19T11:29:37.176047+00:00
199,warrington,www.parkrun.org.uk,Warrington,586,"28,464","224,449","1,351","35,226",00:30:16,"1,237",2026-08-19T11:29:40.305247+00:00
200,stonehaven,www.parkrun.org.uk,Stonehaven,446,"5,325","24,506",628,"3,602",00:31:11,452,2026-08-19T11:29:44.463323+00:00
201,worcester,www.parkrun.org.uk,Worcester,721,"29,536","308,866","2,028","39,714",00:30:15,"1,464",2026-08-19T11:29:47.599589+00:00
203,whitstable,www.parkrun.org.uk,Whitstable,767,"23,759","198,845","1,208","22,744",00:30:07,"1,268",2026-08-19T11:29:50.730179+00:00
204,westmill,www.parkrun.org.uk,Westmill,407,"10,270","35,060","1,016","4,190",00:32:04,850,2026-08-19T11:29:54.993353+00:00
206,falkirk,www.parkrun.org.uk,Falkirk,661,"17,614","140,521","1,508","21,821",00:28:47,989,2026-08-19T11:29:58.123776+00:00
209,merthyr,www.parkrun.org.uk,Merthyr,386,"5,793","18,148",821,"2,646",00:29:27,592,2026-08-19T11:30:01.258400+00:00
210,bracknell,www.parkrun.org.uk,Bracknell,501,"20,160","147,727","1,459","22,635",00:31:44,"1,048",2026-08-19T11:30:04.387516+00:00
213,brierleyforest,www.parkrun.org.uk,Brierley Forest,416,"16,518","85,120","1,294","13,233",00:31:19,"1,048",2026-08-19T11:30:07.519441+00:00
215,harrogate,www.parkrun.org.uk,Harrogate,693,"31,208","233,472","2,022","31,178",00:28:33,"1,559",2026-08-19T11:30:10.650636+00:00
216,montrose,www.parkrun.org.uk,Montrose,399,"6,492","50,937",823,"7,430",00:31:50,419,2026-08-19T11:30:14.978150+00:00
217,lymingtonwoodside,www.parkrun.org.uk,Lymington Woodside,426,"15,686","59,876",697,"7,964",00:29:07,"1,215",2026-08-19T11:30:18.110652+00:00
218,southnorwood,www.parkrun.org.uk,South Norwood,414,"11,668","63,848",906,"8,830",00:29:41,774,2026-08-19T11:30:21.241411+00:00
221,southport,www.parkrun.org.uk,Southport,463,"17,241","148,888",980,"20,327",00:30:21,"1,021",2026-08-19T11:30:25.714592+00:00
222,wolverhampton,www.parkrun.org.uk,Wolverhampton,625,"21,827","184,798","1,918","29,169",00:29:46,"1,075",2026-08-19T11:30:28.860061+00:00
224,gloucesternorth,www.parkrun.org.uk,Gloucester North,461,"10,578","53,854",931,"7,812",00:30:18,870,2026-08-19T11:30:33.120867+00:00
225,perth,www.parkrun.org.uk,Perth,585,"18,834","143,540","1,400","19,629",00:28:36,"1,085",2026-08-19T11:30:36.271376+00:00
226,worcesterpitchcroft,www.parkrun.org.uk,Worcester Pitchcroft,359,"19,608","117,083","1,035","17,465",00:28:56,"1,166",2026-08-19T11:30:39.414356+00:00
228,newport,www.parkrun.org.uk,Newport,703,"26,555","205,073","1,787","31,997",00:30:23,"1,280",2026-08-19T11:30:42.557424+00:00
229,congleton,www.parkrun.org.uk,Congleton,650,"22,885","148,057","1,297","23,779",00:28:38,"1,205",2026-08-19T11:30:46.864770+00:00
230,wansteadflats,www.parkrun.org.uk,Wanstead Flats,742,"17,519","131,021",770,"16,349",00:29:01,"1,124",2026-08-19T11:30:50.001169+00:00
232,durham,www.parkrun.org.uk,Durham,663,"28,714","221,486","1,881","31,661",00:28:39,"1,458",2026-08-19T11:30:53.137589+00:00
233,poole,www.parkrun.org.uk,Poole,714,"47,578","451,775","2,709","61,519",00:28:01,"1,856",2026-08-19T11:30:56.274376+00:00
234,henleyonthames,www.parkrun.org.uk,Henley-on-Thames,386,"9,594","24,373",689,"3,242",00:30:59,901,2026-08-19T11:30:59.409201+00:00
237,derrycity,www.parkrun.org.uk,Derry City,615,"11,418","60,146",586,"9,254",00:28:06,739,2026-08-19T11:31:02.551902+00:00
239,killerton,www.parkrun.org.uk,Killerton,715,"24,206","167,806","1,641","23,093",00:30:42,"1,391",2026-08-19T11:31:05.684770+00:00
240,barnsley,www.parkrun.org.uk,Barnsley,745,"15,389","112,582","1,247","17,132",00:29:14,897,2026-08-19T11:31:08.835479+00:00
241,riddlesdown,www.parkrun.org.uk,Riddlesdown,747,"14,675","99,186","1,232","12,945",00:29:10,905,2026-08-19T11:31:11.975697+00:00
242,chester,www.parkrun.org.uk,Chester,446,"25,365","137,431","1,066","20,132",00:30:12,"1,496",2026-08-19T11:31:16.287068+00:00
244,kettering,www.parkrun.org.uk,Kettering,413,"18,295","127,937","1,332","20,773",00:31:01,"1,026",2026-08-19T11:31:19.423836+00:00
245,burystedmunds,www.parkrun.org.uk,Bury St Edmunds,589,"17,465","133,275","1,091","18,822",00:29:15,"1,008",2026-08-19T11:31:22.555731+00:00
246,marketharborough,www.parkrun.org.uk,Market Harborough,512,"17,784","156,353","1,608","23,425",00:29:22,"1,000",2026-08-19T11:31:25.687287+00:00
247,rothwell,www.parkrun.org.uk,Rothwell,391,"19,018","122,825","1,308","19,343",00:30:59,833,2026-08-19T11:31:28.821978+00:00
248,gateshead,www.parkrun.org.uk,Gateshead,650,"18,829","134,634","1,349","19,652",00:28:31,"1,020",2026-08-19T11:31:31.958414+00:00
249,standrews,www.parkrun.org.uk,St Andrews,638,"17,218","116,494","1,148","17,512",00:29:22,985,2026-08-19T11:31:35.087881+00:00
250,nobles,www.parkrun.org.uk,Nobles,391,"9,126","53,844",888,"7,836",00:31:40,"1,036",2026-08-19T11:31:38.221259+00:00
251,walsall,www.parkrun.org.uk,Walsall Arboretum,679,"25,889","225,312","1,987","34,273",00:29:49,"1,262",2026-08-19T11:31:41.357074+00:00
252,penningtonflash,www.parkrun.org.uk,Pennington Flash,687,"19,660","105,660","1,008","15,640",00:30:02,"1,033",2026-08-19T11:31:44.487535+00:00
254,pymmes,www.parkrun.org.uk,Pymmes,731,"10,772","58,881",687,"7,430",00:29:23,852,2026-08-19T11:31:47.629533+00:00
255,princes,www.parkrun.org.uk,"Princes, Liverpool",714,"38,904","238,046","1,562","33,071",00:28:19,"2,090",2026-08-19T11:31:50.765441+00:00
258,huddersfield,www.parkrun.org.uk,Huddersfield,693,"32,631","365,662","2,892","51,396",00:29:33,"1,245",2026-08-19T11:31:54.004132+00:00
259,maesteg,www.parkrun.org.uk,Maesteg,374,"4,547","21,166",542,"3,070",00:30:17,360,2026-08-19T11:31:58.276985+00:00
261,longeaton,www.parkrun.org.uk,Long Eaton,487,"30,640","203,008","1,638","32,511",00:29:10,"1,413",2026-08-19T11:32:01.422248+00:00
263,uptonhouse,www.parkrun.org.uk,Upton House,391,"22,287","130,512","1,526","16,367",00:30:44,"1,451",2026-08-19T11:32:04.556682+00:00
265,medina,www.parkrun.org.uk,Medina I.O.W.,719,"23,623","163,010","1,657","17,397",00:30:10,"1,668",2026-08-19T11:32:07.695917+00:00
273,bolton,www.parkrun.org.uk,Bolton,711,"20,808","172,905","1,757","24,284",00:30:43,981,2026-08-19T11:32:10.851986+00:00
274,edenproject,www.parkrun.org.uk,Eden Project,339,"37,500","101,339","1,705","13,844",00:30:28,"2,041",2026-08-19T11:32:15.227629+00:00
275,raphael,www.parkrun.org.uk,Raphael,503,"15,545","133,929","1,172","19,506",00:29:46,824,2026-08-19T11:32:18.360913+00:00
276,ferrymeadows,www.parkrun.org.uk,Ferry Meadows,604,"31,851","292,004","2,456","42,167",00:30:06,"1,538",2026-08-19T11:32:21.499889+00:00
277,maldonprom,www.parkrun.org.uk,Maldon Prom,598,"18,139","168,308","1,474","22,429",00:30:14,822,2026-08-19T11:32:24.641485+00:00
278,normanbyhall,www.parkrun.org.uk,Normanby Hall,361,"10,830","71,296",694,"11,192",00:31:13,607,2026-08-19T11:32:28.885463+00:00
279,billericay,www.parkrun.org.uk,Billericay,408,"13,166","106,776","1,061","16,055",00:31:09,655,2026-08-19T11:32:32.025680+00:00
280,winchester,www.parkrun.org.uk,Winchester,581,"25,885","182,918","1,894","24,237",00:27:59,"1,379",2026-08-19T11:32:35.160108+00:00
282,wycomberye,www.parkrun.org.uk,Wycombe Rye,645,"25,015","225,869","2,430","33,006",00:29:54,"1,294",2026-08-19T11:32:38.301954+00:00
285,stevenage,www.parkrun.org.uk,Stevenage,467,"20,914","167,217","1,325","26,068",00:30:24,"1,040",2026-08-19T11:32:41.435695+00:00
286,conkers,www.parkrun.org.uk,Conkers,749,"29,597","283,390","2,035","36,367",00:31:06,"1,477",2026-08-19T11:32:44.575916+00:00
288,barnstaple,www.parkrun.org.uk,Barnstaple,615,"16,191","90,968","1,093","13,739",00:29:12,"1,304",2026-08-19T11:32:48.789150+00:00
290,concord,www.parkrun.org.uk,"Concord, Sheffield",739,"13,246","70,825",654,"9,428",00:29:21,891,2026-08-19T11:32:51.930595+00:00
291,abingdon,www.parkrun.org.uk,Abingdon,652,"22,213","174,387","1,521","22,938",00:29:12,"1,326",2026-08-19T11:32:55.062989+00:00
293,linfordwood,www.parkrun.org.uk,Linford Wood,463,"17,296","111,105","1,712","15,225",00:31:51,"1,026",2026-08-19T11:32:59.301483+00:00
294,gunpowder,www.parkrun.org.uk,Gunpowder,699,"16,911","104,588",650,"15,253",00:29:30,"1,156",2026-08-19T11:33:02.449824+00:00
295,belfastvictoria,www.parkrun.org.uk,Belfast Victoria,715,"24,261","147,268",856,"24,098",00:27:22,"1,031",2026-08-19T11:33:05.578238+00:00
296,sandwellvalley,www.parkrun.org.uk,Sandwell Valley,354,"10,083","44,373",854,"6,802",00:32:42,804,2026-08-19T11:33:08.714004+00:00
297,roundhay,www.parkrun.org.uk,Roundhay,726,"31,067","205,886","1,890","28,881",00:28:51,"1,350",2026-08-19T11:33:11.861588+00:00
299,horsham,www.parkrun.org.uk,Horsham,560,"21,744","217,703","1,534","27,846",00:29:53,"1,050",2026-08-19T11:33:15.007733+00:00
300,allypally,www.parkrun.org.uk,Ally Pally,645,"22,323","133,080","1,263","17,924",00:28:35,"1,349",2026-08-19T11:33:18.142973+00:00
302,wormwoodscrubs,www.parkrun.org.uk,Wormwood Scrubs,712,"16,844","55,257",708,"6,547",00:28:20,"1,512",2026-08-19T11:33:21.280732+00:00
304,barrow,www.parkrun.org.uk,Barrow,696,"8,573","94,042",996,"12,157",00:31:03,800,2026-08-19T11:33:25.685102+00:00
307,thornbury,www.parkrun.org.uk,Thornbury,311,"7,605","27,906",615,"4,102",00:29:31,650,2026-08-19T11:33:30.022637+00:00
308,eastville,www.parkrun.org.uk,Eastville,374,"34,686","184,441","1,934","26,210",00:29:12,"1,625",2026-08-19T11:33:33.174240+00:00
309,hoblingwell,www.parkrun.org.uk,Hoblingwell,417,"7,182","31,467",956,"3,820",00:33:14,592,2026-08-19T11:33:37.441800+00:00
310,wythenshawe,www.parkrun.org.uk,Wythenshawe,678,"23,963","162,417","1,595","22,759",00:29:42,"1,122",2026-08-19T11:33:40.558386+00:00
312,ecos,www.parkrun.org.uk,"Ecos, Ballymena",631,"10,539","93,486",856,"14,516",00:28:49,443,2026-08-19T11:33:43.709554+00:00
313,kingslynn,www.parkrun.org.uk,King’s Lynn,720,"16,871","182,457","1,521","25,290",00:28:43,"1,065",2026-08-19T11:33:46.843501+00:00
314,southwickcountrypark,www.parkrun.org.uk,Southwick Country,707,"19,215","134,637","1,624","19,985",00:29:41,"1,238",2026-08-19T11:33:51.066227+00:00
317,windynook,www.parkrun.org.uk,Windy Nook,369,"5,305","13,891",211,"1,859",00:30:25,519,2026-08-19T11:33:55.460883+00:00
327,hanley,www.parkrun.org.uk,Hanley,681,"16,481","126,370","1,677","18,450",00:29:40,"1,125",2026-08-19T11:33:58.595489+00:00
328,colneylane,www.parkrun.org.uk,Colney Lane,383,"12,715","100,156","1,255","13,037",00:29:41,798,2026-08-19T11:34:01.758428+00:00
329,troon,www.parkrun.org.uk,Troon,389,"10,662","54,305",665,"8,540",00:29:00,710,2026-08-19T11:34:04.907512+00:00
334,vogrie,www.parkrun.org.uk,Vogrie,370,"12,702","53,318","1,014","8,225",00:29:41,"1,027",2026-08-19T11:34:08.045024+00:00
335,southend,www.parkrun.org.uk,Southend,660,"16,788","174,511","1,335","24,684",00:29:57,803,2026-08-19T11:34:11.182459+00:00
338,sewerby,www.parkrun.org.uk,Sewerby,691,"22,640","119,587",936,"15,716",00:30:22,"1,339",2026-08-19T11:34:14.319611+00:00
341,ayr,www.parkrun.org.uk,Ayr,481,"7,373","37,025",583,"5,326",00:31:15,640,2026-08-19T11:34:17.459815+00:00
343,mileend,www.parkrun.org.uk,Mile End,682,"40,411","185,857","2,031","26,639",00:27:15,"2,204",2026-08-19T11:34:20.583840+00:00
344,dulwich,www.parkrun.org.uk,Dulwich,693,"45,542","260,428","1,716","39,648",00:26:21,"1,679",2026-08-19T11:34:23.715828+00:00
347,stonehouse,www.parkrun.org.uk,Stonehouse,397,"7,469","28,556",692,"4,263",00:28:54,648,2026-08-19T11:34:28.254475+00:00
348,chippenham,www.parkrun.org.uk,Chippenham,567,"18,158","108,807","1,318","15,058",00:29:12,"1,230",2026-08-19T11:34:31.389889+00:00
351,bressay,www.parkrun.org.uk,Bressay,351,"5,087","16,945",572,"2,119",00:32:05,701,2026-08-19T11:34:35.673853+00:00
352,queens,www.parkrun.org.uk,"Queen’s, Belfast",663,"15,850","83,687","1,244","10,450",00:27:55,"1,178",2026-08-19T11:34:38.811266+00:00
353,falls,www.parkrun.org.uk,"Falls, Belfast",614,"6,044","38,176",554,"5,395",00:30:44,349,2026-08-19T11:34:41.955828+00:00
355,worsleywoods,www.parkrun.org.uk,Worsley Woods,657,"28,947","216,545","1,537","30,856",00:29:24,"1,195",2026-08-19T11:34:45.103021+00:00
356,sedgefield,www.parkrun.org.uk,Sedgefield,673,"18,309","141,622","1,155","20,284",00:29:54,870,2026-08-19T11:34:48.245276+00:00
357,houghtonhall,www.parkrun.org.uk,Houghton Hall,373,"12,417","83,098",951,"12,856",00:31:33,768,2026-08-19T11:34:52.510932+00:00
359,redcar,www.parkrun.org.uk,Redcar,664,"11,421","100,746",956,"13,834",00:29:42,704,2026-08-19T11:34:56.632708+00:00
360,livingston,www.parkrun.org.uk,Livingston,482,"14,262","118,940","1,162","19,161",00:30:49,689,2026-08-19T11:35:01.067669+00:00
363,gadebridge,www.parkrun.org.uk,Gadebridge,512,"13,399","72,354",995,"10,558",00:30:43,929,2026-08-19T11:35:05.472570+00:00
366,netleyabbey,www.parkrun.org.uk,Netley Abbey,702,"19,894","153,554","1,992","19,915",00:29:29,"1,043",2026-08-19T11:35:08.609679+00:00
370,marple,www.parkrun.org.uk,Marple,671,"15,193","111,048","1,142","13,919",00:28:38,878,2026-08-19T11:35:11.744023+00:00
371,portrush,www.parkrun.org.uk,Portrush,670,"19,706","120,183",825,"12,946",00:30:03,"1,151",2026-08-19T11:35:14.888283+00:00
372,graves,www.parkrun.org.uk,Graves,646,"18,561","126,350","1,507","18,214",00:29:52,"1,101",2026-08-19T11:35:18.031000+00:00
373,malahide,www.parkrun.ie,Malahide,639,"25,339","195,141","1,780","27,192",00:28:03,"1,161",2026-08-19T11:35:21.266832+00:00
374,clonakilty,www.parkrun.ie,Clonakilty,544,"4,269","20,757",449,"3,229",00:29:32,382,2026-08-19T11:35:24.416352+00:00
375,wallace,www.parkrun.org.uk,"Wallace, Lisburn",572,"13,570","102,698","1,014","16,955",00:29:34,460,2026-08-19T11:35:28.792022+00:00
377,tilgate,www.parkrun.org.uk,Tilgate,676,"27,960","281,084","2,264","38,834",00:31:02,"1,234",2026-08-19T11:35:31.949596+00:00
378,beckton,www.parkrun.org.uk,Beckton,670,"10,354","37,726",680,"4,573",00:30:15,"1,211",2026-08-19T11:35:35.092394+00:00
379,brynbach,www.parkrun.org.uk,Bryn Bach,618,"14,746","68,748",582,"11,119",00:28:27,"1,076",2026-08-19T11:35:39.269291+00:00
382,burnley,www.parkrun.org.uk,Burnley,649,"20,844","191,039",964,"29,491",00:29:18,883,2026-08-19T11:35:42.406622+00:00
384,blackhill,www.parkrun.org.uk,Blackhill,573,"5,963","38,304",692,"5,328",00:30:24,503,2026-08-19T11:35:45.526030+00:00
385,riverside,www.parkrun.org.uk,Riverside,651,"25,963","214,372","1,722","32,019",00:28:57,999,2026-08-19T11:35:49.745674+00:00
386,citypark,www.parkrun.org.uk,"Citypark, Craigavon",629,"14,774","131,292","1,111","19,960",00:28:57,471,2026-08-19T11:35:52.871342+00:00
387,dewsbury,www.parkrun.org.uk,Dewsbury,667,"12,097","79,935","1,101","10,762",00:29:27,758,2026-08-19T11:35:56.006117+00:00
389,gladstone,www.parkrun.org.uk,Gladstone,672,"17,642","120,498","1,355","15,459",00:28:40,"1,271",2026-08-19T11:35:59.141301+00:00
390,crane,www.parkrun.org.uk,Crane Park,673,"13,381","100,805","1,132","11,953",00:28:43,959,2026-08-19T11:36:02.308417+00:00
391,hillyfields,www.parkrun.org.uk,Hilly Fields,666,"18,825","140,688","1,280","18,391",00:28:01,"1,138",2026-08-19T11:36:05.446160+00:00
392,burgess,www.parkrun.org.uk,Burgess,622,"42,514","229,673","2,129","32,888",00:27:30,"2,143",2026-08-19T11:36:08.588000+00:00
394,stewart,www.parkrun.org.uk,"Stewart, Middlesbrough",652,"19,571","184,540","1,390","24,880",00:30:42,854,2026-08-19T11:36:11.726920+00:00
398,darlingtonsouthpark,www.parkrun.org.uk,Darlington South Park,632,"22,227","191,238","1,622","28,802",00:28:42,"1,107",2026-08-19T11:36:14.865667+00:00
403,orpington,www.parkrun.org.uk,Orpington,656,"13,996","98,439","1,060","12,043",00:29:42,895,2026-08-19T11:36:18.005803+00:00
406,barking,www.parkrun.org.uk,Barking,662,"10,581","73,844",782,"9,534",00:30:38,819,2026-08-19T11:36:22.602608+00:00
407,aliceholt,www.parkrun.org.uk,Alice Holt,619,"24,613","165,967","1,569","23,026",00:31:02,"1,275",2026-08-19T11:36:25.738271+00:00
410,peterpan,www.parkrun.org.uk,Peter Pan,621,"12,070","115,534",995,"14,618",00:31:02,730,2026-08-19T11:36:28.880192+00:00
411,southshields,www.parkrun.org.uk,South Shields,592,"15,632","105,886",864,"13,732",00:29:22,906,2026-08-19T11:36:32.013122+00:00
413,goole,www.parkrun.org.uk,Goole,476,"10,735","72,116",947,"9,477",00:30:22,696,2026-08-19T11:36:36.342231+00:00
414,rushcliffe,www.parkrun.org.uk,Rushcliffe,658,"29,742","236,604","1,705","33,764",00:29:30,"1,281",2026-08-19T11:36:39.472351+00:00
415,burnage,www.parkrun.org.uk,Burnage,644,"16,168","88,745","1,423","12,032",00:28:45,879,2026-08-19T11:36:43.889066+00:00
421,wotton,www.parkrun.org.uk,Wotton,421,"7,719","29,086",718,"3,702",00:29:52,668,2026-08-19T11:36:47.015966+00:00
422,homewood,www.parkrun.org.uk,Homewood,438,"11,340","48,609",777,"6,122",00:31:09,904,2026-08-19T11:36:50.164541+00:00
423,aberystwyth,www.parkrun.org.uk,Aberystwyth,661,"10,757","66,147",880,"9,603",00:29:32,"1,065",2026-08-19T11:36:53.302620+00:00
430,woodley,www.parkrun.org.uk,Woodley,644,"18,980","191,380","1,513","25,420",00:28:54,977,2026-08-19T11:36:58.419306+00:00
432,sheringham,www.parkrun.org.uk,Sheringham,632,"24,011","103,315",635,"12,119",00:30:59,"1,552",2026-08-19T11:37:01.564166+00:00
440,uptoncourt,www.parkrun.org.uk,Upton Court,641,"19,634","85,616",994,"9,744",00:29:59,"1,644",2026-08-19T11:37:04.696693+00:00
441,chelmsfordcentral,www.parkrun.org.uk,Chelmsford Central,646,"28,727","367,730","1,977","45,173",00:28:50,"1,185",2026-08-19T11:37:07.826639+00:00
442,harrowlodge,www.parkrun.org.uk,Harrow Lodge,619,"11,992","87,004",917,"11,976",00:30:39,732,2026-08-19T11:37:12.107031+00:00
443,brockenhurst,www.parkrun.org.uk,Brockenhurst,588,"19,827","75,381",937,"9,845",00:28:53,"1,375",2026-08-19T11:37:15.248918+00:00
444,linwood,www.parkrun.org.uk,Linwood,433,"10,094","61,673",668,"9,511",00:29:06,569,2026-08-19T11:37:18.386189+00:00
445,wimpoleestate,www.parkrun.org.uk,Wimpole Estate,592,"25,767","170,225","1,932","22,531",00:29:56,"1,345",2026-08-19T11:37:21.523520+00:00
448,delamere,www.parkrun.org.uk,Delamere,609,"33,728","191,156","1,143","27,890",00:30:15,"1,504",2026-08-19T11:37:24.663157+00:00
449,cheltenham,www.parkrun.org.uk,Cheltenham,637,"35,806","284,324","2,344","38,343",00:28:59,"1,701",2026-08-19T11:37:27.798034+00:00
450,aylesbury,www.parkrun.org.uk,Aylesbury,535,"15,849","90,585","1,237","14,720",00:29:42,995,2026-08-19T11:37:30.934886+00:00
451,newent,www.parkrun.org.uk,Newent,604,"7,510","41,457",734,"4,971",00:30:46,748,2026-08-19T11:37:34.073162+00:00
453,hackworth,www.parkrun.org.uk,Hackworth,586,"6,125","32,443",742,"4,362",00:29:57,535,2026-08-19T11:37:37.214188+00:00
457,hartlepool,www.parkrun.org.uk,Hartlepool,570,"12,491","75,471",755,"11,656",00:28:44,722,2026-08-19T11:37:41.479739+00:00
460,telford,www.parkrun.org.uk,Telford,574,"28,258","236,243","2,201","36,043",00:30:28,"1,351",2026-08-19T11:37:44.615343+00:00
461,walthamstow,www.parkrun.org.uk,Walthamstow,612,"11,247","67,828","1,137","9,165",00:29:18,795,2026-08-19T11:37:48.989528+00:00
462,huntingdon,www.parkrun.org.uk,Huntingdon,602,"19,654","156,531","1,733","21,463",00:30:47,"1,174",2026-08-19T11:37:53.567114+00:00
464,brandoncountrypark,www.parkrun.org.uk,Brandon Country Park,639,"11,897","58,829",756,"8,038",00:30:49,946,2026-08-19T11:37:56.717556+00:00
465,thetford,www.parkrun.org.uk,Thetford,649,"13,936","120,332","1,117","15,941",00:32:20,964,2026-08-19T11:38:01.000928+00:00
466,llynllechowain,www.parkrun.org.uk,Llyn Llech Owain,613,"9,975","52,535",894,"8,731",00:29:16,795,2026-08-19T11:38:04.148373+00:00
467,templenewsam,www.parkrun.org.uk,Temple Newsam,582,"19,042","99,762","1,437","13,977",00:30:26,"1,053",2026-08-19T11:38:07.292621+00:00
468,southwark,www.parkrun.org.uk,Southwark,584,"42,861","188,283","2,003","27,554",00:27:39,"2,232",2026-08-19T11:38:10.426434+00:00
473,crichton,www.parkrun.org.uk,Crichton,373,"10,120","52,810",639,"7,206",00:30:43,"1,035",2026-08-19T11:38:14.857140+00:00
477,scunthorpe,www.parkrun.org.uk,Scunthorpe,637,"17,112","208,212","1,141","30,439",00:30:05,755,2026-08-19T11:38:17.998657+00:00
478,rotherham,www.parkrun.org.uk,Rotherham,592,"11,846","68,032",581,"10,307",00:29:41,779,2026-08-19T11:38:21.141243+00:00
479,rothervalley,www.parkrun.org.uk,Rother Valley,526,"30,025","149,576","1,540","26,348",00:29:44,"1,243",2026-08-19T11:38:24.279808+00:00
480,marlay,www.parkrun.ie,Marlay,564,"30,767","253,776","1,681","36,646",00:28:17,738,2026-08-19T11:38:27.551000+00:00
481,forestrec,www.parkrun.org.uk,Forest Rec,600,"21,831","127,974","1,757","18,258",00:30:09,"1,360",2026-08-19T11:38:31.820245+00:00
482,enniskillen,www.parkrun.org.uk,Enniskillen,599,"7,465","47,165",790,"6,693",00:29:46,547,2026-08-19T11:38:34.963789+00:00
483,crossflatts,www.parkrun.org.uk,Cross Flatts,608,"12,571","74,102",865,"10,449",00:30:08,817,2026-08-19T11:38:38.096866+00:00
484,hillsborough,www.parkrun.org.uk,Hillsborough,607,"23,994","205,455","1,438","29,580",00:29:03,"1,097",2026-08-19T11:38:41.230551+00:00
485,kingsburywater,www.parkrun.org.uk,Kingsbury Water,581,"26,331","169,137","1,447","25,011",00:30:34,"1,473",2026-08-19T11:38:45.499077+00:00
491,ganavansands,www.parkrun.org.uk,Ganavan Sands,431,"7,166","20,624",335,"2,581",00:31:14,"1,019",2026-08-19T11:38:48.635904+00:00
510,pontypridd,www.parkrun.org.uk,Pontypridd,520,"19,243","142,124","1,776","22,908",00:30:02,908,2026-08-19T11:38:51.770556+00:00
511,porthcawl,www.parkrun.org.uk,Porthcawl,608,"22,449","208,489","1,198","26,673",00:29:07,"1,106",2026-08-19T11:38:54.904972+00:00
518,didcot,www.parkrun.org.uk,Didcot,469,"13,964","104,917","1,302","14,541",00:29:55,988,2026-08-19T11:38:58.038947+00:00
519,clair,www.parkrun.org.uk,Clair,617,"12,647","82,112",969,"12,554",00:28:59,865,2026-08-19T11:39:03.264082+00:00
520,margate,www.parkrun.org.uk,Margate,632,"14,457","79,008",701,"9,806",00:30:29,973,2026-08-19T11:39:06.395068+00:00
521,pegwellbay,www.parkrun.org.uk,Pegwell Bay,621,"14,881","97,379","1,007","14,607",00:28:51,971,2026-08-19T11:39:09.534448+00:00
522,chippingsodbury,www.parkrun.org.uk,Chipping Sodbury,539,"20,118","161,872","1,662","24,014",00:29:37,937,2026-08-19T11:39:12.686667+00:00
524,newbigginbythesea,www.parkrun.org.uk,Newbiggin-by-the-Sea,386,"10,763","46,509",682,"6,820",00:30:17,844,2026-08-19T11:39:17.137383+00:00
525,prestonpark,www.parkrun.org.uk,"Preston Park, Brighton",613,"30,465","268,673","2,289","35,851",00:28:06,"1,422",2026-08-19T11:39:21.363333+00:00
527,eastgrinstead,www.parkrun.org.uk,East Grinstead,386,"9,335","35,037",870,"4,438",00:31:21,827,2026-08-19T11:39:26.012006+00:00
535,shornewoods,www.parkrun.org.uk,Shorne Woods,617,"16,546","126,585","1,011","18,227",00:31:34,828,2026-08-19T11:39:29.144586+00:00
537,musacookstown,www.parkrun.org.uk,MUSA Cookstown,585,"6,813","51,106",491,"8,726",00:28:38,286,2026-08-19T11:39:33.468210+00:00
540,tollcross,www.parkrun.org.uk,"Tollcross, Glasgow",611,"9,729","50,983",943,"7,272",00:28:50,716,2026-08-19T11:39:36.601754+00:00
549,penallta,www.parkrun.org.uk,Penallta,496,"11,887","88,854",826,"13,862",00:29:53,631,2026-08-19T11:39:39.742781+00:00
551,queenelizabeth,www.parkrun.org.uk,Queen Elizabeth,633,"22,180","64,032","1,215","6,873",00:31:12,"1,690",2026-08-19T11:39:42.886391+00:00
556,macroomcastledemesne,www.parkrun.ie,Macroom Castle Demesne,590,"3,850","30,312",485,"4,559",00:29:30,274,2026-08-19T11:39:46.009312+00:00
567,clactonseafront,www.parkrun.org.uk,Clacton Seafront,436,"10,283","69,388",644,"10,026",00:31:17,748,2026-08-19T11:39:49.134998+00:00
569,omagh,www.parkrun.org.uk,Omagh,415,"5,415","41,534",283,"6,650",00:29:55,296,2026-08-19T11:39:53.639576+00:00
570,newark,www.parkrun.org.uk,Newark,616,"17,158","123,953","1,288","17,629",00:31:17,"1,113",2026-08-19T11:39:56.770928+00:00
572,clumberpark,www.parkrun.org.uk,Clumber Park,590,"25,170","155,440","1,322","22,826",00:30:57,"1,289",2026-08-19T11:39:59.905041+00:00
575,workington,www.parkrun.org.uk,Workington,597,"7,310","62,880",506,"8,849",00:29:24,636,2026-08-19T11:40:04.818686+00:00
578,griffeen,www.parkrun.ie,Griffeen,609,"10,497","102,011","1,252","14,356",00:29:24,392,2026-08-19T11:40:07.935249+00:00
580,seaton,www.parkrun.org.uk,Seaton,430,"19,706","96,288",826,"12,203",00:29:59,"1,430",2026-08-19T11:40:11.055843+00:00
581,canonspark,www.parkrun.org.uk,Canons Park,440,"11,956","72,061",806,"10,445",00:32:03,817,2026-08-19T11:40:14.443765+00:00
584,ormeau,www.parkrun.org.uk,Ormeau,598,"30,886","221,616","1,423","30,418",00:29:02,"1,462",2026-08-19T11:40:17.978991+00:00
585,antrim,www.parkrun.org.uk,Antrim,543,"13,625","119,098",875,"16,221",00:30:04,531,2026-08-19T11:40:22.987437+00:00
613,sheffieldcastle,www.parkrun.org.uk,Sheffield Castle,600,"11,482","46,173",845,"5,962",00:29:35,991,2026-08-19T11:40:27.788620+00:00
615,stannes,www.parkrun.ie,St Anne’s,551,"23,769","204,182","1,762","26,885",00:28:09,821,2026-08-19T11:40:31.555673+00:00
620,osterley,www.parkrun.org.uk,Osterley,586,"23,340","132,332","1,352","17,199",00:30:10,"1,449",2026-08-19T11:40:35.327992+00:00
621,skipton,www.parkrun.org.uk,Skipton,610,"20,596","102,478","1,011","15,929",00:29:06,"1,378",2026-08-19T11:40:40.332466+00:00
625,westport,www.parkrun.ie,Westport,576,"6,958","47,659",509,"6,025",00:28:04,596,2026-08-19T11:40:44.102584+00:00
628,shrewsbury,www.parkrun.org.uk,Shrewsbury,530,"31,243","249,895","2,222","35,060",00:28:46,"1,540",2026-08-19T11:40:47.873884+00:00
631,sandallpark,www.parkrun.org.uk,Sandall Park,600,"16,544","129,875","1,017","19,110",00:31:06,856,2026-08-19T11:40:51.660527+00:00
632,weymouth,www.parkrun.org.uk,Weymouth,602,"28,826","191,365","1,779","24,418",00:29:20,"1,767",2026-08-19T11:40:55.431069+00:00
633,corby,www.parkrun.org.uk,Corby,598,"10,395","78,408",861,"11,367",00:31:12,710,2026-08-19T11:41:00.314184+00:00
635,flattslane,www.parkrun.org.uk,Flatts Lane,372,"6,074","20,368",638,"2,954",00:30:51,597,2026-08-19T11:41:03.452663+00:00
636,clarecastle,www.parkrun.org.uk,Clare Castle,370,"9,006","48,135",587,"6,653",00:30:18,656,2026-08-19T11:41:07.789858+00:00
640,haverfordwest,www.parkrun.org.uk,Haverfordwest,386,"10,112","34,234",493,"4,682",00:30:56,"1,086",2026-08-19T11:41:12.137764+00:00
641,victoria,www.parkrun.org.uk,"Victoria, Glasgow",571,"30,733","195,782","2,262","28,950",00:27:25,"1,471",2026-08-19T11:41:15.268069+00:00
646,castlewellan,www.parkrun.org.uk,Castlewellan,376,"11,986","71,014",731,"11,458",00:30:10,546,2026-08-19T11:41:18.397605+00:00
654,brentwood,www.parkrun.org.uk,Brentwood,508,"11,704","64,764",968,"9,010",00:31:04,790,2026-08-19T11:41:21.539010+00:00
655,catton,www.parkrun.org.uk,Catton,605,"17,775","179,123","1,614","23,826",00:29:12,848,2026-08-19T11:41:24.676493+00:00
656,hazlehead,www.parkrun.org.uk,"Hazlehead, Aberdeen",491,"14,109","99,912","1,197","16,091",00:29:59,652,2026-08-19T11:41:27.811394+00:00
658,armagh,www.parkrun.org.uk,Armagh,580,"6,577","47,760",457,"7,429",00:29:38,335,2026-08-19T11:41:32.161105+00:00
659,larne,www.parkrun.org.uk,Larne,558,"4,396","30,464",562,"4,412",00:28:36,316,2026-08-19T11:41:35.295784+00:00
660,alness,www.parkrun.org.uk,Alness,356,"5,880","27,201",639,"3,943",00:30:42,672,2026-08-19T11:41:38.425392+00:00
674,fulhampalace,www.parkrun.org.uk,Fulham Palace,562,"49,684","229,212","2,295","31,964",00:27:23,"2,396",2026-08-19T11:41:42.707054+00:00
680,greatlines,www.parkrun.org.uk,"Great Lines, Medway",586,"16,748","192,698","1,394","26,167",00:31:17,807,2026-08-19T11:41:45.839481+00:00
681,longrunmeadow,www.parkrun.org.uk,Longrun Meadow,582,"22,654","178,698","1,607","25,736",00:29:11,"1,362",2026-08-19T11:41:48.972526+00:00
682,northalafields,www.parkrun.org.uk,Northala Fields,563,"20,352","151,361","1,359","19,582",00:30:41,"1,226",2026-08-19T11:41:52.106126+00:00
683,tonbridge,www.parkrun.org.uk,Tonbridge,579,"25,647","265,324","1,769","35,756",00:29:42,"1,020",2026-08-19T11:41:55.242264+00:00
696,blickling,www.parkrun.org.uk,Blickling,568,"16,719","115,276","1,196","15,656",00:29:31,"1,047",2026-08-19T11:41:58.380638+00:00
697,pontypool,www.parkrun.org.uk,Pontypool,557,"10,920","59,785",918,"9,217",00:29:44,906,2026-08-19T11:42:01.523635+00:00
701,pomphreyhill,www.parkrun.org.uk,Pomphrey Hill,566,"20,220","147,591","1,824","21,510",00:30:31,"1,091",2026-08-19T11:42:04.659263+00:00
727,ruchill,www.parkrun.org.uk,Ruchill,390,"8,937","31,108",823,"4,180",00:28:00,795,2026-08-19T11:42:09.119868+00:00
740,ardgillan,www.parkrun.ie,Ardgillan,575,"6,451","47,080",673,"5,906",00:30:18,384,2026-08-19T11:42:12.242756+00:00
741,naas,www.parkrun.ie,Naas,533,"10,751","67,002",842,"10,615",00:28:56,436,2026-08-19T11:42:15.386561+00:00
742,carrickfergus,www.parkrun.org.uk,Carrickfergus,532,"6,642","52,021",613,"8,218",00:29:55,316,2026-08-19T11:42:19.578394+00:00
748,fountainsabbey,www.parkrun.org.uk,Fountains Abbey,554,"41,191","202,444","1,985","27,607",00:29:32,"1,969",2026-08-19T11:42:23.843862+00:00
754,kirkcaldy,www.parkrun.org.uk,Kirkcaldy,521,"12,641","97,973","1,228","15,098",00:29:49,671,2026-08-19T11:42:26.970340+00:00
755,lanhydrock,www.parkrun.org.uk,Lanhydrock,566,"25,635","92,408","1,129","13,147",00:32:03,"1,828",2026-08-19T11:42:30.107653+00:00
761,penrith,www.parkrun.org.uk,Penrith,571,"21,396","126,808",689,"16,852",00:28:34,"1,575",2026-08-19T11:42:33.244079+00:00
762,greatcornard,www.parkrun.org.uk,Great Cornard,572,"7,709","64,237",953,"8,367",00:29:18,531,2026-08-19T11:42:36.379490+00:00
765,risingsun,www.parkrun.org.uk,Rising Sun,437,"21,563","132,540","1,509","20,780",00:30:23,981,2026-08-19T11:42:40.631671+00:00
779,beeston,www.parkrun.org.uk,Beeston,510,"21,374","143,428","1,216","20,398",00:29:26,"1,221",2026-08-19T11:42:44.988733+00:00
780,bangor,www.parkrun.org.uk,"Bangor, Northern Ireland",550,"14,378","151,413","1,226","23,279",00:29:12,541,2026-08-19T11:42:48.127539+00:00
781,castlebar,www.parkrun.ie,Castlebar,533,"4,675","40,473",437,"5,628",00:29:07,306,2026-08-19T11:42:51.245711+00:00
782,ormskirk,www.parkrun.org.uk,Ormskirk,531,"18,904","129,068","1,322","21,581",00:29:34,988,2026-08-19T11:42:54.360346+00:00
783,lymepark,www.parkrun.org.uk,Lyme Park,566,"19,369","70,438","1,045","9,291",00:31:06,"1,345",2026-08-19T11:42:57.504604+00:00
814,reigatepriory,www.parkrun.org.uk,Reigate Priory,575,"22,077","153,237","1,139","22,151",00:29:18,"1,169",2026-08-19T11:43:00.615289+00:00
821,cleethorpes,www.parkrun.org.uk,Cleethorpes,559,"14,935","106,028","1,252","16,347",00:29:23,953,2026-08-19T11:43:03.744528+00:00
828,keswick,www.parkrun.org.uk,Keswick,554,"40,891","117,146","1,062","15,635",00:28:57,"2,313",2026-08-19T11:43:06.875190+00:00
829,springburn,www.parkrun.org.uk,"Springburn, Glasgow",548,"10,190","61,396",906,"8,964",00:27:59,609,2026-08-19T11:43:10.009085+00:00
837,parke,www.parkrun.org.uk,Parke,552,"14,831","70,725",696,"10,065",00:31:00,"1,187",2026-08-19T11:43:14.453431+00:00
843,rushmoor,www.parkrun.org.uk,Rushmoor,516,"24,922","203,025","1,661","28,156",00:29:13,"1,209",2026-08-19T11:43:17.584527+00:00
851,buckingham,www.parkrun.org.uk,Buckingham,564,"15,554","134,902","1,166","17,932",00:28:57,961,2026-08-19T11:43:20.708000+00:00
852,druridgebay,www.parkrun.org.uk,Druridge Bay,547,"17,829","88,153",878,"12,500",00:29:23,"1,281",2026-08-19T11:43:24.942771+00:00
866,humberbridge,www.parkrun.org.uk,Humber Bridge,554,"13,139","67,176",706,"10,136",00:30:25,880,2026-08-19T11:43:29.117853+00:00
869,pendle,www.parkrun.org.uk,Pendle,550,"7,472","41,239",482,"5,191",00:30:19,673,2026-08-19T11:43:33.493040+00:00
871,knocknacarra,www.parkrun.ie,Knocknacarra,534,"7,375","45,259",817,"6,548",00:29:02,526,2026-08-19T11:43:36.615080+00:00
874,bognorregis,www.parkrun.org.uk,Bognor Regis,549,"18,769","140,561","1,233","18,534",00:30:55,"1,149",2026-08-19T11:43:39.731794+00:00
879,cheadlehulme,www.parkrun.org.uk,Cheadle Hulme,481,"9,247","24,827",781,"2,921",00:29:59,718,2026-08-19T11:43:44.143781+00:00
882,peckhamrye,www.parkrun.org.uk,Peckham Rye,575,"26,602","146,742","1,323","20,545",00:27:32,"1,241",2026-08-19T11:43:48.439164+00:00
883,watergrove,www.parkrun.org.uk,"Watergrove, Rochdale",534,"8,630","33,643",808,"4,321",00:31:49,706,2026-08-19T11:43:52.707373+00:00
885,tymon,www.parkrun.ie,Tymon,546,"10,132","64,826","1,182","9,529",00:29:32,379,2026-08-19T11:43:55.833050+00:00
886,comber,www.parkrun.org.uk,Comber,557,"8,189","62,719",738,"9,318",00:29:26,320,2026-08-19T11:43:58.951504+00:00
887,wetherby,www.parkrun.org.uk,Wetherby,452,"11,464","43,922",748,"5,780",00:28:59,847,2026-08-19T11:44:02.105214+00:00
893,portobello,www.parkrun.org.uk,"Portobello, Edinburgh",498,"25,343","136,621","1,521","19,529",00:28:29,"1,662",2026-08-19T11:44:05.244955+00:00
895,oldbridge,www.parkrun.ie,Oldbridge,538,"7,410","47,075",813,"6,745",00:28:57,358,2026-08-19T11:44:09.728771+00:00
896,waterstown,www.parkrun.ie,Waterstown,547,"6,488","43,873",904,"5,651",00:33:53,407,2026-08-19T11:44:14.364302+00:00
898,letterkenny,www.parkrun.ie,Letterkenny,442,"4,711","32,894",552,"4,380",00:32:11,336,2026-08-19T11:44:17.495520+00:00
899,oakwellhall,www.parkrun.org.uk,Oakwell Hall,452,"17,297","87,367","1,371","14,455",00:32:15,938,2026-08-19T11:44:20.604434+00:00
907,colbywoodlandgarden,www.parkrun.org.uk,Colby Woodland Garden,521,"17,202","68,047",446,"9,289",00:30:13,"1,415",2026-08-19T11:44:25.741159+00:00
911,greatnotley,www.parkrun.org.uk,Great Notley,575,"14,393","116,420","1,526","17,426",00:30:56,834,2026-08-19T11:44:30.228596+00:00
931,woking,www.parkrun.org.uk,Woking,524,"20,661","154,157","1,271","22,778",00:29:13,"1,130",2026-08-19T11:44:35.002070+00:00
932,cranleigh,www.parkrun.org.uk,Cranleigh,474,"10,229","51,292",645,"6,936",00:30:03,786,2026-08-19T11:44:38.137045+00:00
947,blandford,www.parkrun.org.uk,Blandford,561,"14,357","95,436",737,"13,345",00:29:23,"1,005",2026-08-19T11:44:41.274451+00:00
948,exeterriverside,www.parkrun.org.uk,Exeter Riverside,518,"28,403","146,726","1,670","22,217",00:28:12,"1,553",2026-08-19T11:44:44.411003+00:00
954,whinlatterforest,www.parkrun.org.uk,Whinlatter Forest,352,"16,018","33,643",548,"3,640",00:33:20,"1,617",2026-08-19T11:44:47.548791+00:00
955,chichester,www.parkrun.org.uk,Chichester,543,"18,444","105,869","1,139","13,952",00:29:35,"1,170",2026-08-19T11:44:50.663286+00:00
956,nostell,www.parkrun.org.uk,Nostell,540,"17,770","104,456","1,430","14,888",00:31:25,917,2026-08-19T11:44:53.790739+00:00
961,dartford,www.parkrun.org.uk,Dartford,529,"12,527","102,967","1,116","13,509",00:30:53,767,2026-08-19T11:44:56.923253+00:00
962,valley,www.parkrun.org.uk,"Valley, Newtownabbey",557,"8,641","59,074",832,"8,374",00:31:53,465,2026-08-19T11:45:01.353831+00:00
965,folkestone,www.parkrun.org.uk,Folkestone,550,"16,354","138,583","1,077","17,914",00:29:09,"1,028",2026-08-19T11:45:04.489575+00:00
966,bereisland,www.parkrun.ie,Bere Island,558,"4,437","27,630",411,"2,685",00:37:07,475,2026-08-19T11:45:09.372385+00:00
975,kesgrave,www.parkrun.org.uk,Kesgrave,552,"14,359","146,399","1,685","20,888",00:29:13,746,2026-08-19T11:45:12.491278+00:00
996,kilkenny,www.parkrun.ie,Kilkenny,526,"11,155","81,507","1,400","11,388",00:30:15,608,2026-08-19T11:45:15.609602+00:00
1001,hereford,www.parkrun.org.uk,Hereford,531,"16,771","97,046",897,"14,264",00:28:58,"1,205",2026-08-19T11:45:18.732757+00:00
1002,tamarlakes,www.parkrun.org.uk,Tamar Lakes,547,"16,995","67,812",685,"8,873",00:31:48,"1,411",2026-08-19T11:45:21.884824+00:00
1010,vicarstown,www.parkrun.ie,Vicarstown,533,"5,772","39,223",539,"5,421",00:32:13,355,2026-08-19T11:45:25.000947+00:00
1017,fellfoot,www.parkrun.org.uk,"Fell Foot, Newby Bridge",517,"33,954","105,717","1,081","13,580",00:29:39,"2,159",2026-08-19T11:45:28.116046+00:00
1018,panshanger,www.parkrun.org.uk,Panshanger,563,"19,023","149,817","1,347","20,791",00:29:46,"1,009",2026-08-19T11:45:31.259724+00:00
1026,ellesmereport,www.parkrun.org.uk,Ellesmere Port,528,"12,297","47,549",766,"6,371",00:30:15,"1,001",2026-08-19T11:45:34.397723+00:00
1027,clarisford,www.parkrun.ie,Clarisford,532,"3,438","23,002",360,"2,903",00:29:31,252,2026-08-19T11:45:37.516252+00:00
1029,penrhyn,www.parkrun.org.uk,Penrhyn,481,"23,213","84,626","1,118","12,874",00:30:13,"1,715",2026-08-19T11:45:40.650312+00:00
1030,harcourthill,www.parkrun.org.uk,Harcourt Hill,521,"11,068","58,212",781,"7,556",00:28:20,980,2026-08-19T11:45:43.796595+00:00
1031,harlow,www.parkrun.org.uk,Harlow,550,"12,600","115,026","1,270","16,786",00:31:28,769,2026-08-19T11:45:46.931033+00:00
1047,perryhall,www.parkrun.org.uk,Perry Hall,515,"11,539","68,043","1,136","8,926",00:31:41,"1,015",2026-08-19T11:45:50.066724+00:00
1049,poppintree,www.parkrun.ie,Poppintree,521,"8,304","66,532",839,"9,334",00:30:35,416,2026-08-19T11:45:54.351104+00:00
1050,cootehill,www.parkrun.ie,Cootehill,526,"3,044","28,601",251,"3,860",00:29:50,208,2026-08-19T11:45:58.689306+00:00
1053,daventry,www.parkrun.org.uk,Daventry,547,"17,421","131,289","1,233","17,078",00:30:30,"1,123",2026-08-19T11:46:01.809296+00:00
1054,ballina,www.parkrun.ie,Ballina,519,"4,645","31,011",420,"4,634",00:30:39,305,2026-08-19T11:46:04.924921+00:00
1058,hartstown,www.parkrun.ie,Hartstown,535,"5,949","41,244",715,"5,968",00:29:25,292,2026-08-19T11:46:09.451001+00:00
1059,conwy,www.parkrun.org.uk,Conwy,491,"24,521","115,286",904,"17,119",00:29:57,"1,663",2026-08-19T11:46:12.570392+00:00
1071,meltonmowbray,www.parkrun.org.uk,Melton Mowbray,539,"11,573","77,901",961,"10,481",00:29:54,930,2026-08-19T11:46:15.706471+00:00
1088,tralee,www.parkrun.ie,Tralee,533,"9,136","118,589","1,140","13,719",00:32:32,444,2026-08-19T11:46:18.835364+00:00
1109,maidenhead,www.parkrun.org.uk,Maidenhead,527,"22,060","171,090","1,537","22,251",00:30:57,"1,211",2026-08-19T11:46:21.961881+00:00
1110,hockleywoods,www.parkrun.org.uk,Hockley Woods,525,"12,386","89,836","1,029","14,210",00:30:48,593,2026-08-19T11:46:26.645395+00:00
1111,widnes,www.parkrun.org.uk,Widnes,521,"19,438","141,892","1,143","22,572",00:29:50,868,2026-08-19T11:46:29.773264+00:00
1130,northallerton,www.parkrun.org.uk,Northallerton,493,"11,641","56,533","1,088","8,179",00:30:13,951,2026-08-19T11:46:32.910477+00:00
1133,sligo,www.parkrun.ie,Sligo,514,"7,325","41,608",723,"6,334",00:31:28,519,2026-08-19T11:46:36.025595+00:00
1139,southoxhey,www.parkrun.org.uk,South Oxhey,532,"7,126","32,841",555,"3,878",00:31:45,682,2026-08-19T11:46:40.594261+00:00
1143,limavady,www.parkrun.org.uk,Limavady,504,"3,844","22,994",294,"3,197",00:27:38,277,2026-08-19T11:46:43.739122+00:00
1152,cassiobury,www.parkrun.org.uk,Cassiobury,538,"25,564","227,043","1,827","31,818",00:29:50,"1,255",2026-08-19T11:46:48.116283+00:00
1172,penrose,www.parkrun.org.uk,Penrose,518,"21,678","106,494",792,"16,477",00:29:31,"1,582",2026-08-19T11:46:51.251111+00:00
1173,evesham,www.parkrun.org.uk,Evesham,479,"16,379","74,419","1,012","9,399",00:30:09,"1,257",2026-08-19T11:46:54.383505+00:00
1179,wexfordracecourse,www.parkrun.ie,Wexford Racecourse,506,"7,744","55,152",545,"8,239",00:30:47,443,2026-08-19T11:46:58.828640+00:00
1180,leesroad,www.parkrun.ie,Lees Road,498,"5,663","37,099",461,"5,430",00:29:56,350,2026-08-19T11:47:01.976853+00:00
1182,croxtethhall,www.parkrun.org.uk,Croxteth Hall,477,"22,377","164,527","1,144","22,680",00:30:40,"1,125",2026-08-19T11:47:05.094038+00:00
1192,shanganagh,www.parkrun.ie,Shanganagh,502,"12,522","88,371",821,"13,170",00:28:32,508,2026-08-19T11:47:08.209554+00:00
1193,cabinteely,www.parkrun.ie,Cabinteely,505,"10,289","69,371","1,159","9,266",00:30:31,497,2026-08-19T11:47:11.356107+00:00
1197,hastings,www.parkrun.org.uk,Hastings,514,"22,953","150,932","1,703","21,165",00:29:48,"1,279",2026-08-19T11:47:15.678185+00:00
1199,wilmslow,www.parkrun.org.uk,Wilmslow,521,"19,004","105,303","1,374","14,921",00:28:50,"1,044",2026-08-19T11:47:18.818154+00:00
1200,barryisland,www.parkrun.org.uk,Barry Island,503,"15,112","73,569","1,278","10,038",00:29:40,"1,125",2026-08-19T11:47:21.953379+00:00
1201,lullingstone,www.parkrun.org.uk,Lullingstone,520,"9,263","28,451",704,"3,737",00:30:40,771,2026-08-19T11:47:25.083357+00:00
1211,stamfordpark,www.parkrun.org.uk,Stamford Park,494,"10,982","53,898",940,"8,701",00:30:37,656,2026-08-19T11:47:28.214393+00:00
1229,newross,www.parkrun.ie,New Ross,491,"5,193","39,796",442,"5,841",00:32:07,327,2026-08-19T11:47:32.770757+00:00
1240,burnhamandhighbridge,www.parkrun.org.uk,Burnham and Highbridge,505,"20,620","139,282","1,174","20,175",00:30:28,"1,339",2026-08-19T11:47:35.886888+00:00
1243,hortonpark,www.parkrun.org.uk,Horton Park,510,"7,516","31,431",821,"4,268",00:31:14,574,2026-08-19T11:47:39.034632+00:00
1245,barclay,www.parkrun.org.uk,Barclay,515,"7,824","49,032",591,"6,484",00:31:02,601,2026-08-19T11:47:43.532262+00:00
1250,dundalk,www.parkrun.ie,Dundalk,495,"6,920","48,142",600,"7,293",00:31:43,359,2026-08-19T11:47:46.655817+00:00
1251,castleblayney,www.parkrun.ie,Castleblayney,460,"2,873","18,229",269,"2,235",00:31:44,241,2026-08-19T11:47:49.806801+00:00
1252,brundall,www.parkrun.org.uk,Brundall,478,"7,590","51,886",688,"7,238",00:30:21,582,2026-08-19T11:47:52.924492+00:00
1253,salisbury,www.parkrun.org.uk,Salisbury,506,"22,323","184,528","1,448","27,230",00:29:59,"1,289",2026-08-19T11:47:56.065163+00:00
1254,bramley,www.parkrun.org.uk,Bramley,476,"13,865","75,928","1,437","11,945",00:31:22,744,2026-08-19T11:48:00.436775+00:00
1256,dunfermline,www.parkrun.org.uk,Dunfermline,463,"11,365","79,120",966,"12,007",00:30:15,702,2026-08-19T11:48:03.576014+00:00
1259,heslington,www.parkrun.org.uk,Heslington,351,"18,503","107,932","1,190","16,244",00:28:35,"1,234",2026-08-19T11:48:06.714264+00:00
1264,gedling,www.parkrun.org.uk,Gedling,511,"13,624","76,698","1,218","10,349",00:30:10,861,2026-08-19T11:48:11.191484+00:00
1267,aldenham,www.parkrun.org.uk,Aldenham,510,"12,430","48,866","1,002","6,651",00:30:46,957,2026-08-19T11:48:14.333070+00:00
1268,hovepromenade,www.parkrun.org.uk,Hove Promenade,481,"38,264","213,749","2,342","28,721",00:27:25,"1,844",2026-08-19T11:48:18.662953+00:00
1270,tewkesbury,www.parkrun.org.uk,Tewkesbury,410,"9,867","34,253",659,"4,247",00:30:00,"1,012",2026-08-19T11:48:23.246805+00:00
1271,leeonthesolent,www.parkrun.org.uk,Lee-on-the-Solent,525,"23,903","219,502","1,941","29,061",00:30:27,"1,136",2026-08-19T11:48:27.561677+00:00
1275,birkenhead,www.parkrun.org.uk,Birkenhead,486,"26,053","238,470","1,248","34,844",00:29:34,"1,205",2026-08-19T11:48:30.679618+00:00
1289,lowestoft,www.parkrun.org.uk,Lowestoft,495,"17,697","163,746",851,"20,488",00:29:03,"1,145",2026-08-19T11:48:35.317455+00:00
1290,harwich,www.parkrun.org.uk,Harwich,521,"7,819","64,837",500,"8,801",00:29:40,529,2026-08-19T11:48:39.657728+00:00
1300,dartfordheath,www.parkrun.org.uk,Dartford Heath,356,"7,074","30,555",674,"4,026",00:30:04,561,2026-08-19T11:48:44.005707+00:00
1301,stormont,www.parkrun.org.uk,Stormont,496,"17,976","122,991",913,"16,566",00:28:19,934,2026-08-19T11:48:47.153275+00:00
1302,tramorevalley,www.parkrun.ie,"Tramore Valley, Cork",215,"9,595","44,628",863,"7,230",00:28:58,546,2026-08-19T11:48:50.285912+00:00
1306,witton,www.parkrun.org.uk,Witton,443,"9,881","44,940",989,"6,391",00:32:50,721,2026-08-19T11:48:53.407928+00:00
1307,ellon,www.parkrun.org.uk,Ellon,462,"7,036","55,483",819,"8,278",00:29:30,410,2026-08-19T11:48:56.566006+00:00
1308,wyreforest,www.parkrun.org.uk,Wyre Forest,490,"15,863","98,289","1,215","13,579",00:31:54,"1,105",2026-08-19T11:48:59.698212+00:00
1309,swanseabay,www.parkrun.org.uk,Swansea Bay,467,"29,973","183,234","1,608","28,029",00:28:43,"1,566",2026-08-19T11:49:02.828076+00:00
1311,glossop,www.parkrun.org.uk,Glossop,457,"12,585","55,661",884,"7,903",00:29:57,997,2026-08-19T11:49:07.073784+00:00
1312,jersey,www.parkrun.org.uk,Jersey,511,"21,616","149,597","1,287","20,643",00:29:28,"1,676",2026-08-19T11:49:10.213435+00:00
1315,grangemoor,www.parkrun.org.uk,Grangemoor,480,"11,783","70,155","1,096","9,232",00:28:27,862,2026-08-19T11:49:13.352998+00:00
1316,fathercollins,www.parkrun.ie,Father Collins,486,"6,863","47,467",778,"6,357",00:29:31,432,2026-08-19T11:49:17.691751+00:00
1321,donabate,www.parkrun.ie,Donabate,464,"8,966","75,270","1,021","10,881",00:30:30,350,2026-08-19T11:49:22.340531+00:00
1326,thurrock,www.parkrun.org.uk,"Thurrock, Orsett Heath",500,"7,924","55,970",699,"7,722",00:32:36,540,2026-08-19T11:49:25.461645+00:00
1329,sherwoodpines,www.parkrun.org.uk,Sherwood Pines,478,"28,646","125,464","1,101","17,936",00:31:08,"1,494",2026-08-19T11:49:28.607098+00:00
1330,leybournelakes,www.parkrun.org.uk,Leybourne Lakes,475,"20,865","123,343","1,064","19,478",00:30:37,905,2026-08-19T11:49:34.005412+00:00
1331,colinglen,www.parkrun.org.uk,Colin Glen,453,"4,827","28,616",686,"3,798",00:35:26,248,2026-08-19T11:49:37.141434+00:00
1332,rutlandwater,www.parkrun.org.uk,Rutland Water,478,"25,790","124,915","1,350","18,467",00:29:50,"1,473",2026-08-19T11:49:40.273056+00:00
1339,beltonhouse,www.parkrun.org.uk,Belton House,438,"19,989","138,121","1,342","21,230",00:31:06,"1,140",2026-08-19T11:49:43.406709+00:00
1344,porterstown,www.parkrun.ie,Porterstown,486,"6,760","50,680",866,"7,202",00:30:15,318,2026-08-19T11:49:46.532856+00:00
1345,holkham,www.parkrun.org.uk,Holkham,415,"21,653","69,747",703,"9,136",00:30:15,"1,325",2026-08-19T11:49:50.770938+00:00
1347,haighwoodland,www.parkrun.org.uk,Haigh Woodland,475,"18,281","97,349","1,156","15,204",00:30:51,973,2026-08-19T11:49:55.388101+00:00
1348,rushmere,www.parkrun.org.uk,Rushmere,485,"13,676","76,801",996,"11,602",00:31:37,896,2026-08-19T11:49:59.640404+00:00
1349,gnoll,www.parkrun.org.uk,Gnoll,473,"9,509","54,581","1,103","8,654",00:30:56,640,2026-08-19T11:50:02.817299+00:00
1351,leicestervictoria,www.parkrun.org.uk,Leicester Victoria,481,"22,784","163,791","1,587","24,289",00:29:30,"1,224",2026-08-19T11:50:05.956038+00:00
1353,stretford,www.parkrun.org.uk,Stretford,466,"38,235","250,580","2,362","39,170",00:28:20,"1,546",2026-08-19T11:50:09.094430+00:00
1354,crosby,www.parkrun.org.uk,Crosby,482,"18,073","87,938",983,"10,138",00:30:55,"1,304",2026-08-19T11:50:13.480462+00:00
1359,lythamhall,www.parkrun.org.uk,Lytham Hall,426,"15,945","95,658","1,078","13,349",00:30:06,"1,049",2026-08-19T11:50:16.609476+00:00
1365,limerick,www.parkrun.ie,Limerick,456,"8,449","55,860",757,"8,340",00:29:06,485,2026-08-19T11:50:20.891574+00:00
1369,lydney,www.parkrun.org.uk,Lydney,489,"8,851","45,204",722,"5,927",00:29:33,764,2026-08-19T11:50:25.270643+00:00
1373,glengarriff,www.parkrun.ie,Glengarriff,467,"4,427","30,709",472,"3,995",00:34:50,380,2026-08-19T11:50:28.391447+00:00
1376,march,www.parkrun.org.uk,March,454,"6,560","59,614",798,"9,073",00:31:46,531,2026-08-19T11:50:31.513206+00:00
1378,bevendeandown,www.parkrun.org.uk,Bevendean Down,482,"5,738","17,826",639,"2,158",00:29:59,660,2026-08-19T11:50:35.655239+00:00
1381,tramore,www.parkrun.ie,"Tramore, Waterford",457,"7,067","53,572",698,"7,348",00:29:24,453,2026-08-19T11:50:38.773999+00:00
1384,falcarragh,www.parkrun.ie,Falcarragh,460,"4,090","41,751",172,"3,882",00:32:23,334,2026-08-19T11:50:41.919796+00:00
1385,lancaster,www.parkrun.org.uk,Lancaster,466,"16,220","106,750","1,134","15,228",00:30:32,"1,227",2026-08-19T11:50:45.036517+00:00
1387,mountedgcumbe,www.parkrun.org.uk,Mount Edgcumbe,448,"7,844","25,336",664,"3,117",00:32:14,940,2026-08-19T11:50:49.338507+00:00
1388,dolgellau,www.parkrun.org.uk,Dolgellau,465,"10,964","25,334",416,"2,944",00:29:02,"1,287",2026-08-19T11:50:52.473431+00:00
1390,castlehaven,www.parkrun.ie,Castlehaven,478,"2,521","12,999",169,"1,634",00:33:23,277,2026-08-19T11:50:55.598027+00:00
1395,tootingcommon,www.parkrun.org.uk,Tooting Common,470,"46,458","255,875","2,313","38,870",00:28:15,"1,736",2026-08-19T11:50:58.716028+00:00
1401,mortimerforest,www.parkrun.org.uk,Mortimer Forest,455,"10,966","41,031",790,"5,499",00:31:33,"1,129",2026-08-19T11:51:01.860639+00:00
1402,stratforduponavon,www.parkrun.org.uk,Stratford-upon-Avon,451,"28,329","159,967","1,552","22,063",00:28:57,"1,717",2026-08-19T11:51:06.125758+00:00
1408,dalbyforest,www.parkrun.org.uk,Dalby Forest,464,"18,129","76,352",909,"10,618",00:30:00,"1,304",2026-08-19T11:51:10.386228+00:00
1409,sittingbourne,www.parkrun.org.uk,Sittingbourne,473,"11,014","83,925","1,059","13,431",00:31:46,614,2026-08-19T11:51:13.520940+00:00
1412,erris,www.parkrun.ie,Erris,470,"2,773","17,618",291,"2,453",00:34:28,257,2026-08-19T11:51:16.642714+00:00
1413,vandeleur,www.parkrun.ie,Vandeleur,444,"3,668","20,700",307,"2,531",00:36:18,330,2026-08-19T11:51:19.794506+00:00
1414,elgin,www.parkrun.org.uk,Elgin,444,"11,292","74,564",998,"12,139",00:29:17,773,2026-08-19T11:51:22.998678+00:00
1415,dungloe,www.parkrun.ie,Dungloe,436,"2,693","11,635",240,"1,589",00:29:39,298,2026-08-19T11:51:27.876911+00:00
1422,bedgeburypinetum,www.parkrun.org.uk,Bedgebury Pinetum,463,"15,633","79,780","1,077","11,154",00:31:44,928,2026-08-19T11:51:31.009116+00:00
1429,portsmouthlakeside,www.parkrun.org.uk,Portsmouth Lakeside,459,"19,015","123,383","1,403","17,777",00:30:52,"1,055",2026-08-19T11:51:35.171198+00:00
1432,bideford,www.parkrun.org.uk,Bideford,463,"10,841","54,717","1,026","7,599",00:28:28,"1,083",2026-08-19T11:51:38.309276+00:00
1434,newcastlewest,www.parkrun.ie,Newcastle West,442,"2,714","18,181",280,"2,666",00:32:52,212,2026-08-19T11:51:42.596871+00:00
1437,poolsbrook,www.parkrun.org.uk,Poolsbrook,471,"19,688","111,282","1,474","17,473",00:30:35,"1,172",2026-08-19T11:51:45.714616+00:00
1438,worthing,www.parkrun.org.uk,Worthing,430,"25,214","196,770","1,429","27,971",00:28:51,"1,242",2026-08-19T11:51:50.018756+00:00
1439,guernsey,www.parkrun.org.uk,Guernsey,484,"10,378","74,965",967,"10,126",00:31:18,"1,029",2026-08-19T11:51:54.449402+00:00
1441,fareham,www.parkrun.org.uk,Fareham,483,"15,457","109,880","1,305","14,473",00:31:11,917,2026-08-19T11:51:57.591674+00:00
1451,loughkey,www.parkrun.ie,Lough Key,440,"6,789","65,301",989,"8,346",00:34:32,390,2026-08-19T11:52:00.708969+00:00
1452,bicester,www.parkrun.org.uk,Bicester,442,"14,914","102,617","1,103","14,319",00:30:36,"1,065",2026-08-19T11:52:03.829251+00:00
1454,mullingar,www.parkrun.ie,Mullingar,452,"5,644","43,679",667,"6,199",00:31:03,345,2026-08-19T11:52:06.956523+00:00
1455,wepre,www.parkrun.org.uk,Wepre,453,"11,661","53,320",838,"8,604",00:32:19,915,2026-08-19T11:52:10.080401+00:00
1457,chaddertonhall,www.parkrun.org.uk,Chadderton Hall,445,"10,555","35,947",634,"5,514",00:32:50,669,2026-08-19T11:52:13.230970+00:00
1459,erddig,www.parkrun.org.uk,Erddig,410,"19,322","87,764","1,282","14,339",00:32:12,"1,261",2026-08-19T11:52:16.382025+00:00
1460,longford,www.parkrun.ie,Longford,445,"3,868","32,973",614,"3,969",00:33:34,239,2026-08-19T11:52:19.512025+00:00
1469,drumchapel,www.parkrun.org.uk,Drumchapel,435,"5,291","18,204",524,"2,389",00:29:30,545,2026-08-19T11:52:22.700609+00:00
1489,ballincollig,www.parkrun.ie,Ballincollig,437,"15,917","126,099","1,306","18,009",00:29:25,569,2026-08-19T11:52:25.818998+00:00
1492,cwmbran,www.parkrun.org.uk,Cwmbran,446,"12,920","83,931","1,155","13,054",00:31:10,675,2026-08-19T11:52:30.228445+00:00
1506,rivervalley,www.parkrun.ie,River Valley,443,"6,159","46,684",778,"6,073",00:32:32,446,2026-08-19T11:52:33.356319+00:00
1507,oranmore,www.parkrun.ie,Oranmore,412,"6,444","33,311",671,"5,224",00:29:26,419,2026-08-19T11:52:37.838361+00:00
1509,salewater,www.parkrun.org.uk,Sale Water,373,"22,316","80,207","1,384","11,449",00:29:58,"1,123",2026-08-19T11:52:40.963429+00:00
1550,gorey,www.parkrun.ie,Gorey,422,"5,593","41,041",613,"6,219",00:31:33,305,2026-08-19T11:52:44.086552+00:00
1602,merseaisland,www.parkrun.org.uk,Mersea Island,425,"8,670","40,771","1,000","5,265",00:31:06,674,2026-08-19T11:52:48.239447+00:00
1617,templemore,www.parkrun.ie,Templemore,411,"3,510","29,444",267,"3,873",00:30:11,247,2026-08-19T11:52:52.743304+00:00
1627,blackpool,www.parkrun.org.uk,Blackpool,416,"19,705","100,227","1,267","14,216",00:31:03,"1,430",2026-08-19T11:52:55.866984+00:00
1629,russborough,www.parkrun.ie,Russborough,312,"4,138","18,900",477,"2,922",00:31:53,265,2026-08-19T11:53:00.533850+00:00
1630,bushydublin,www.parkrun.ie,"Bushy, Dublin",404,"14,745","72,395",929,"9,942",00:29:24,869,2026-08-19T11:53:03.682726+00:00
1643,claremorris,www.parkrun.ie,Claremorris,401,"4,081","27,802",232,"4,192",00:31:21,243,2026-08-19T11:53:06.824576+00:00
1659,tullow,www.parkrun.ie,Tullow,403,"4,103","33,913",370,"4,329",00:32:54,248,2026-08-19T11:53:11.764587+00:00
1662,castlerea,www.parkrun.ie,Castlerea,370,"2,031","12,034",217,"1,930",00:34:28,153,2026-08-19T11:53:14.909830+00:00
1664,listowel,www.parkrun.ie,Listowel,409,"3,060","21,029",427,"3,126",00:31:08,215,2026-08-19T11:53:19.209206+00:00
1672,clonmel,www.parkrun.ie,Clonmel,365,"3,851","25,619",532,"3,650",00:32:39,299,2026-08-19T11:53:22.352097+00:00
1694,mountlucas,www.parkrun.ie,Mountlucas,390,"2,898","20,904",284,"2,722",00:32:34,195,2026-08-19T11:53:25.503577+00:00
1707,monaghantown,www.parkrun.ie,Monaghan Town,366,"3,655","29,296",330,"4,089",00:32:04,253,2026-08-19T11:53:29.749813+00:00
1712,fairview,www.parkrun.ie,Fairview,380,"12,984","47,036",872,"6,659",00:30:18,"1,124",2026-08-19T11:53:32.888823+00:00
1714,corkagh,www.parkrun.ie,Corkagh,385,"10,086","74,597",970,"10,559",00:32:38,404,2026-08-19T11:53:36.033939+00:00
1729,buncrana,www.parkrun.ie,Buncrana,374,"3,993","21,872",378,"2,795",00:35:08,380,2026-08-19T11:53:40.361056+00:00
1731,poolbeg,www.parkrun.ie,Poolbeg,382,"14,789","63,211",868,"8,608",00:27:40,"1,164",2026-08-19T11:53:43.500574+00:00
1742,carlowtown,www.parkrun.ie,Carlow Town,352,"3,770","23,251",444,"3,158",00:34:48,264,2026-08-19T11:53:48.009233+00:00
1743,darndale,www.parkrun.ie,Darndale,259,"1,852","5,277",103,577,00:32:37,213,2026-08-19T11:53:52.774144+00:00
1765,castlepark,www.parkrun.org.uk,Castle Park,385,"15,017","127,818","1,340","15,945",00:29:21,914,2026-08-19T11:53:57.054823+00:00
1782,oughterard,www.parkrun.ie,Oughterard,368,"1,887","14,925",269,"2,056",00:33:50,179,2026-08-19T11:54:01.538055+00:00
1785,tolkavalley,www.parkrun.ie,Tolka Valley,350,"4,801","17,234",298,"2,559",00:30:08,396,2026-08-19T11:54:05.995132+00:00
1791,selby,www.parkrun.org.uk,Selby,376,"12,539","67,126",948,"10,454",00:30:14,767,2026-08-19T11:54:09.164664+00:00
1795,clifton,www.parkrun.org.uk,Clifton,294,"6,330","16,149",649,"2,190",00:30:42,590,2026-08-19T11:54:12.312571+00:00
1796,melksham,www.parkrun.org.uk,Melksham,351,"8,886","52,237",920,"8,226",00:30:49,757,2026-08-19T11:54:15.453368+00:00
1797,rogiet,www.parkrun.org.uk,Rogiet,369,"8,777","33,724","1,067","5,279",00:30:11,661,2026-08-19T11:54:19.909952+00:00
1798,monsaltrail,www.parkrun.org.uk,Monsal Trail,353,"33,511","79,194",880,"9,679",00:28:56,"1,999",2026-08-19T11:54:23.047209+00:00
1802,exmouth,www.parkrun.org.uk,Exmouth,372,"26,020","147,515","1,346","21,235",00:29:16,"1,444",2026-08-19T11:54:27.366981+00:00
1814,brickfields,www.parkrun.ie,Brickfields,357,"6,693","29,320",613,"4,530",00:31:01,612,2026-08-19T11:54:30.490303+00:00
1827,letchworth,www.parkrun.org.uk,Letchworth,378,"10,393","42,777",679,"6,432",00:30:51,753,2026-08-19T11:54:33.607297+00:00
1832,cirencester,www.parkrun.org.uk,Cirencester,356,"18,586","67,218",928,"9,401",00:30:21,"1,375",2026-08-19T11:54:36.753311+00:00
1834,llanerchaeron,www.parkrun.org.uk,Llanerchaeron,342,"7,412","33,943",497,"5,165",00:31:16,788,2026-08-19T11:54:40.992142+00:00
1835,southwoodhamferrers,www.parkrun.org.uk,South Woodham Ferrers,374,"7,777","37,999",569,"5,131",00:30:54,519,2026-08-19T11:54:45.428520+00:00
1839,gloucestercity,www.parkrun.org.uk,Gloucester City,332,"13,334","66,861",976,"9,888",00:30:58,980,2026-08-19T11:54:48.559185+00:00
1840,bedworth,www.parkrun.org.uk,Bedworth,348,"10,974","62,878","1,214","9,947",00:31:42,804,2026-08-19T11:54:51.699477+00:00
1842,greatdenham,www.parkrun.org.uk,Great Denham,366,"14,242","80,455",949,"12,133",00:29:13,809,2026-08-19T11:54:55.832584+00:00
1844,crewe,www.parkrun.org.uk,Crewe,357,"15,508","107,957","1,187","17,108",00:31:15,973,2026-08-19T11:54:58.969184+00:00
1846,sixfieldsupton,www.parkrun.org.uk,Sixfields Upton,351,"13,928","83,992","1,433","13,486",00:29:50,813,2026-08-19T11:55:02.104379+00:00
1849,molevalley,www.parkrun.org.uk,Mole Valley,379,"22,840","102,768","1,216","14,225",00:31:09,"1,344",2026-08-19T11:55:06.415034+00:00
1852,witney,www.parkrun.org.uk,Witney,316,"14,594","75,016","1,148","11,182",00:30:59,"1,068",2026-08-19T11:55:09.548773+00:00
1853,hogmoorinclosure,www.parkrun.org.uk,Hogmoor Inclosure,369,"14,372","79,347","1,033","11,353",00:31:07,904,2026-08-19T11:55:13.791642+00:00
1858,haverhill,www.parkrun.org.uk,Haverhill,342,"4,161","16,270",473,"2,511",00:30:56,442,2026-08-19T11:55:16.929237+00:00
1869,thewammy,www.parkrun.org.uk,The Wammy,363,"15,339","88,715","1,302","13,816",00:29:51,994,2026-08-19T11:55:20.057597+00:00
1875,portumna,www.parkrun.ie,Portumna,329,"2,111","10,351",130,"1,559",00:33:01,215,2026-08-19T11:55:24.421945+00:00
1876,hazelwood,www.parkrun.org.uk,Hazelwood,339,"8,646","40,573",689,"4,720",00:30:50,711,2026-08-19T11:55:28.609911+00:00
1882,claphamcommon,www.parkrun.org.uk,Clapham Common,340,"60,010","243,082","2,663","36,197",00:28:06,"2,042",2026-08-19T11:55:31.798051+00:00
1891,macclesfield,www.parkrun.org.uk,Macclesfield,350,"12,700","80,064","1,192","11,428",00:29:49,899,2026-08-19T11:55:34.932785+00:00
1892,thurso,www.parkrun.org.uk,Thurso,336,"4,168","23,186",355,"3,031",00:32:31,611,2026-08-19T11:55:39.235050+00:00
1903,felixstowe,www.parkrun.org.uk,Felixstowe,363,"14,876","112,436","1,054","15,702",00:29:54,752,2026-08-19T11:55:42.367382+00:00
1904,prospect,www.parkrun.org.uk,Prospect,349,"11,925","63,612",944,"8,803",00:31:07,858,2026-08-19T11:55:46.638697+00:00
1906,heartlands,www.parkrun.org.uk,Heartlands,354,"13,274","54,961",816,"8,503",00:31:29,"1,152",2026-08-19T11:55:49.787179+00:00
1908,northwich,www.parkrun.org.uk,Northwich,357,"16,642","87,208",704,"13,274",00:31:43,"1,063",2026-08-19T11:55:52.921622+00:00
1916,fortwilliam,www.parkrun.org.uk,Fort William,313,"7,678","16,574",278,"1,826",00:31:43,"1,165",2026-08-19T11:55:56.057779+00:00
1923,kirkwall,www.parkrun.org.uk,Kirkwall,346,"4,583","16,287",428,"2,306",00:30:02,663,2026-08-19T11:56:00.502932+00:00
1924,greatdunmow,www.parkrun.org.uk,Great Dunmow,331,"7,256","28,527",722,"4,129",00:30:29,609,2026-08-19T11:56:03.634511+00:00
1935,avondaleforest,www.parkrun.ie,Avondale Forest,311,"4,968","25,849",465,"3,650",00:33:47,307,2026-08-19T11:56:06.760548+00:00
1945,catford,www.parkrun.org.uk,Catford,362,"11,677","70,230",875,"9,568",00:28:33,793,2026-08-19T11:56:09.875596+00:00
1947,swaffham,www.parkrun.org.uk,Swaffham,360,"4,203","18,058",296,"2,513",00:32:12,436,2026-08-19T11:56:14.089133+00:00
1948,street,www.parkrun.org.uk,Street,351,"8,308","43,139",662,"5,947",00:29:53,795,2026-08-19T11:56:18.777247+00:00
1950,middletonwoods,www.parkrun.org.uk,Middleton Woods,347,"10,433","30,039",783,"4,067",00:31:05,709,2026-08-19T11:56:23.473368+00:00
1968,inchbeach,www.parkrun.ie,Inch Beach,354,"5,237","14,838",343,"1,464",00:31:49,641,2026-08-19T11:56:26.591860+00:00
1977,lochoremeadows,www.parkrun.org.uk,Lochore Meadows,325,"10,337","42,265",936,"6,708",00:30:39,598,2026-08-19T11:56:30.953131+00:00
1981,clitheroecastle,www.parkrun.org.uk,Clitheroe Castle,344,"9,527","33,489",599,"5,020",00:30:38,852,2026-08-19T11:56:35.259968+00:00
1982,aberdare,www.parkrun.org.uk,Aberdare,330,"6,886","36,750",417,"6,117",00:30:35,503,2026-08-19T11:56:38.394061+00:00
2008,cotsfordfields,www.parkrun.org.uk,Cotsford Fields,356,"4,594","14,247",552,"1,763",00:32:01,412,2026-08-19T11:56:42.674620+00:00
2009,pocket,www.parkrun.org.uk,Pocket,334,"11,990","60,676","1,012","8,432",00:30:05,921,2026-08-19T11:56:46.827391+00:00
2012,newboroughforest,www.parkrun.org.uk,Newborough Forest,335,"17,132","50,597",622,"6,602",00:31:25,"1,278",2026-08-19T11:56:51.109358+00:00
2014,littleport,www.parkrun.org.uk,Littleport,344,"6,381","42,316",689,"6,413",00:31:11,510,2026-08-19T11:56:54.239036+00:00
2015,armley,www.parkrun.org.uk,Armley,351,"14,172","55,280","1,084","8,229",00:29:55,904,2026-08-19T11:56:57.375093+00:00
2025,whitehaven,www.parkrun.org.uk,Whitehaven,342,"4,941","22,607",236,"3,611",00:30:15,588,2026-08-19T11:57:01.838505+00:00
2026,dintonpastures,www.parkrun.org.uk,Dinton Pastures,360,"22,239","112,321","1,204","16,160",00:31:33,"1,223",2026-08-19T11:57:06.079770+00:00
2029,severnbridge,www.parkrun.org.uk,Severn Bridge,324,"29,850","79,827","1,484","10,540",00:29:15,"1,843",2026-08-19T11:57:09.207103+00:00
2031,fleetwoodpromenade,www.parkrun.org.uk,Fleetwood Promenade,343,"8,861","40,948",496,"5,689",00:29:12,799,2026-08-19T11:57:12.338828+00:00
2049,girvanprom,www.parkrun.org.uk,Girvan Prom,343,"3,189","11,752",264,"1,401",00:32:52,398,2026-08-19T11:57:16.495249+00:00
2050,manorfieldwhittlesey,www.parkrun.org.uk,"Manor Field, Whittlesey",344,"4,461","27,281",575,"3,542",00:32:30,444,2026-08-19T11:57:20.979378+00:00
2051,footscraymeadows,www.parkrun.org.uk,Foots Cray Meadows,339,"8,054","23,949",671,"2,978",00:31:16,652,2026-08-19T11:57:25.498154+00:00
2056,orangefield,www.parkrun.org.uk,Orangefield,347,"7,127","34,225",693,"4,690",00:30:03,404,2026-08-19T11:57:29.984119+00:00
2057,nantypandy,www.parkrun.org.uk,Nant y Pandy,293,"10,104","24,380",542,"3,062",00:32:07,"1,080",2026-08-19T11:57:33.111202+00:00
2059,dishleyloughborough,www.parkrun.org.uk,"Dishley, Loughborough",326,"14,764","72,169","1,141","10,239",00:30:37,"1,115",2026-08-19T11:57:36.234327+00:00
2064,suttonpark,www.parkrun.org.uk,Sutton Park,335,"18,789","119,282","1,417","18,503",00:32:03,"1,010",2026-08-19T11:57:39.365886+00:00
2065,lanarkmoor,www.parkrun.org.uk,Lanark Moor,320,"4,987","20,223",446,"3,194",00:31:44,521,2026-08-19T11:57:42.498105+00:00
2067,lancingbeachgreen,www.parkrun.org.uk,Lancing Beach Green,311,"12,312","49,777",939,"7,056",00:30:23,797,2026-08-19T11:57:46.957461+00:00
2069,lochleven,www.parkrun.org.uk,Loch Leven,345,"7,607","29,102",581,"3,912",00:30:07,559,2026-08-19T11:57:51.533302+00:00
2075,ford,www.parkrun.org.uk,Ford,325,"6,724","32,786",486,"4,625",00:30:27,827,2026-08-19T11:57:54.654067+00:00
2077,sizewell,www.parkrun.org.uk,Sizewell,350,"12,602","37,627",267,"4,518",00:30:24,"1,044",2026-08-19T11:57:59.116893+00:00
2082,dungannonpark,www.parkrun.org.uk,Dungannon Park,317,"4,477","23,052",482,"3,932",00:29:20,257,2026-08-19T11:58:02.256478+00:00
2084,higginsonmarlow,www.parkrun.org.uk,"Higginson, Marlow",278,"14,490","52,368",877,"7,804",00:29:17,999,2026-08-19T11:58:06.506200+00:00
2085,cliffecastle,www.parkrun.org.uk,Cliffe Castle,338,"9,643","43,826",595,"6,447",00:32:28,793,2026-08-19T11:58:10.893236+00:00
2087,strokestown,www.parkrun.ie,Strokestown,272,"2,040","13,193",286,"1,722",00:36:09,177,2026-08-19T11:58:15.547789+00:00
2090,mungret,www.parkrun.ie,Mungret,331,"4,440","29,556",415,"4,305",00:29:04,244,2026-08-19T11:58:18.691037+00:00
2092,wendoverwoods,www.parkrun.org.uk,Wendover Woods,344,"13,941","65,926",965,"8,635",00:31:55,974,2026-08-19T11:58:21.805090+00:00
2106,watermeadows,www.parkrun.org.uk,Watermeadows,309,"9,754","41,577",818,"6,585",00:30:27,709,2026-08-19T11:58:26.451604+00:00
2109,walmeranddealseafront,www.parkrun.org.uk,Walmer and Deal Seafront,348,"13,721","82,297",924,"11,273",00:29:54,864,2026-08-19T11:58:29.580547+00:00
2113,marlboroughcommon,www.parkrun.org.uk,Marlborough Common,317,"9,050","38,723",768,"5,390",00:31:07,782,2026-08-19T11:58:32.709821+00:00
2117,coldhamscommon,www.parkrun.org.uk,Coldham’s Common,335,"17,964","97,386","1,547","13,121",00:28:10,"1,243",2026-08-19T11:58:37.038661+00:00
2129,teignmouthpromenade,www.parkrun.org.uk,Teignmouth Promenade,324,"18,068","93,384",933,"13,796",00:30:35,"1,186",2026-08-19T11:58:40.166324+00:00
2131,henleywood,www.parkrun.org.uk,"Henley Wood, Oswestry",305,"8,433","26,950",815,"3,687",00:31:33,861,2026-08-19T11:58:44.573761+00:00
2159,aberbeeg,www.parkrun.org.uk,Aberbeeg,303,"6,120","20,820",335,"3,108",00:28:14,511,2026-08-19T11:58:49.045670+00:00
2164,myrtle,www.parkrun.org.uk,Myrtle,337,"9,359","42,872",782,"6,190",00:31:29,614,2026-08-19T11:58:52.176645+00:00
2165,fletchermoss,www.parkrun.org.uk,Fletcher Moss,310,"24,849","102,475","1,265","15,136",00:29:15,"1,092",2026-08-19T11:58:56.582518+00:00
2167,deerparkcarlanstown,www.parkrun.ie,"Deerpark, Carlanstown",325,"2,432","16,731",313,"2,643",00:32:09,171,2026-08-19T11:58:59.697420+00:00
2169,haylodge,www.parkrun.org.uk,Hay Lodge,297,"6,016","21,466",387,"2,985",00:29:02,629,2026-08-19T11:59:02.820971+00:00
2175,marketrasenracecourse,www.parkrun.org.uk,Market Rasen Racecourse,296,"8,851","40,314",660,"6,997",00:29:57,680,2026-08-19T11:59:05.972914+00:00
2179,somerdalepavilion,www.parkrun.org.uk,Somerdale Pavilion,265,"17,691","46,457","1,004","6,711",00:29:03,"1,399",2026-08-19T11:59:09.110916+00:00
2180,brooklands,www.parkrun.org.uk,Brooklands,294,"21,219","117,749","1,306","18,428",00:29:31,"1,137",2026-08-19T11:59:12.252966+00:00
2182,jerseyfarm,www.parkrun.org.uk,Jersey Farm,320,"19,536","75,551","1,218","8,240",00:30:04,"1,587",2026-08-19T11:59:16.568583+00:00
2184,potternewton,www.parkrun.org.uk,Potternewton,315,"9,685","37,581",800,"4,914",00:30:06,696,2026-08-19T11:59:20.903446+00:00
2185,glenriver,www.parkrun.ie,Glen River,324,"5,199","23,343",432,"3,117",00:30:05,550,2026-08-19T11:59:25.530193+00:00
2188,fireservicecollege,www.parkrun.org.uk,Fire Service College,112,"8,278","19,992",502,"3,639",00:31:23,809,2026-08-19T11:59:28.653877+00:00
2189,woolacombedunes,www.parkrun.org.uk,Woolacombe Dunes,337,"24,113","51,411",736,"5,430",00:34:05,"1,704",2026-08-19T11:59:31.798223+00:00
2191,frickleycountry,www.parkrun.org.uk,Frickley Country,314,"7,663","23,543",847,"3,245",00:31:02,618,2026-08-19T11:59:36.185459+00:00
2192,eastbrighton,www.parkrun.org.uk,East Brighton,325,"8,382","25,397",819,"3,197",00:30:53,861,2026-08-19T11:59:40.376216+00:00
2196,isabeltrail,www.parkrun.org.uk,Isabel Trail,292,"22,088","67,772","1,781","9,733",00:29:53,"1,630",2026-08-19T11:59:43.510196+00:00
2199,kewwoods,www.parkrun.org.uk,Kew Woods,310,"7,079","25,050",496,"3,344",00:30:24,651,2026-08-19T11:59:47.818485+00:00
2209,crathescastle,www.parkrun.org.uk,Crathes Castle,269,"6,467","25,091",663,"3,735",00:31:34,526,2026-08-19T11:59:50.944775+00:00
2213,thepastures,www.parkrun.org.uk,The Pastures,305,"12,116","22,122",442,"1,981",00:30:26,"1,261",2026-08-19T11:59:55.374074+00:00
2226,meadowmill,www.parkrun.org.uk,Meadowmill,286,"6,271","26,372",632,"3,707",00:30:49,575,2026-08-19T11:59:59.594809+00:00
2231,hafanpwllheli,www.parkrun.org.uk,Hafan Pwllheli,275,"10,001","16,031",390,"1,306",00:33:42,"1,102",2026-08-19T12:00:04.361066+00:00
2232,seafordbeach,www.parkrun.org.uk,Seaford Beach,301,"12,372","66,026",955,"9,122",00:29:35,852,2026-08-19T12:00:07.502768+00:00
2234,lochneaton,www.parkrun.org.uk,"Loch Neaton, Watton",297,"4,642","21,992",399,"3,394",00:34:48,422,2026-08-19T12:00:12.058098+00:00
2235,dunstabledowns,www.parkrun.org.uk,Dunstable Downs,307,"9,985","28,071",717,"3,220",00:30:56,826,2026-08-19T12:00:15.195853+00:00
2247,highwoods,www.parkrun.org.uk,Highwoods,323,"7,559","31,325",793,"4,536",00:30:51,578,2026-08-19T12:00:18.323359+00:00
2248,marshalldrive,www.parkrun.org.uk,"Marshall Drive, Brotton",314,"3,970","10,121",255,"1,052",00:30:41,518,2026-08-19T12:00:22.559993+00:00
2250,haldonforest,www.parkrun.org.uk,Haldon Forest,304,"12,667","47,672","1,000","7,089",00:31:37,927,2026-08-19T12:00:25.698105+00:00
2253,californiacountry,www.parkrun.org.uk,California Country,315,"13,700","60,157",985,"8,966",00:30:56,918,2026-08-19T12:00:28.831602+00:00
2255,groe,www.parkrun.org.uk,Groe,294,"7,411","32,798",457,"4,723",00:31:29,804,2026-08-19T12:00:31.964802+00:00
2256,centrevale,www.parkrun.org.uk,Centre Vale,278,"8,794","34,982",668,"4,979",00:30:20,718,2026-08-19T12:00:35.099893+00:00
2257,lingwood,www.parkrun.org.uk,Lingwood,316,"4,707","26,038",511,"3,504",00:30:34,417,2026-08-19T12:00:38.233966+00:00
2259,sunnyhill,www.parkrun.org.uk,Sunny Hill,305,"6,959","21,471",481,"2,858",00:31:22,704,2026-08-19T12:00:41.367864+00:00
2270,millenniumcountry,www.parkrun.org.uk,"Millennium Country, Forest of Marston Vale",301,"13,339","52,746",851,"7,329",00:30:23,943,2026-08-19T12:00:45.769211+00:00
2272,lochendwoods,www.parkrun.org.uk,Lochend Woods,276,"6,428","24,794",512,"3,611",00:30:49,653,2026-08-19T12:00:50.167197+00:00
2273,knockanacreewoods,www.parkrun.ie,Knockanacree Woods,296,"1,430","6,451",122,802,00:35:27,166,2026-08-19T12:00:54.624602+00:00
2278,snowdenfield,www.parkrun.org.uk,Snowden Field,282,"4,189","17,450",549,"2,273",00:32:04,465,2026-08-19T12:00:58.971761+00:00
2284,penistone,www.parkrun.org.uk,Penistone,265,"12,087","48,863",470,"7,374",00:29:31,861,2026-08-19T12:01:03.931181+00:00
2286,royalcanalkilcock,www.parkrun.ie,"Royal Canal, Kilcock",308,"6,975","48,088",714,"6,508",00:31:34,337,2026-08-19T12:01:08.265599+00:00
2292,morecambeprom,www.parkrun.org.uk,Morecambe Prom,302,"18,760","98,147",910,"14,407",00:29:56,"1,262",2026-08-19T12:01:11.379813+00:00
2293,littlehamptonprom,www.parkrun.org.uk,Littlehampton Prom,306,"14,893","76,209",958,"10,507",00:29:29,950,2026-08-19T12:01:16.006622+00:00
2297,pontybala,www.parkrun.org.uk,Pont y Bala,258,"8,520","17,920",371,"2,147",00:30:13,"1,074",2026-08-19T12:01:19.137627+00:00
2299,kingdom,www.parkrun.org.uk,Kingdom,302,"10,827","31,852",557,"4,085",00:31:33,758,2026-08-19T12:01:23.894028+00:00
2304,tynegreen,www.parkrun.org.uk,Tyne Green,287,"11,501","51,673",793,"7,532",00:29:39,884,2026-08-19T12:01:27.026822+00:00
2306,blythlinks,www.parkrun.org.uk,Blyth Links,288,"14,816","86,961",974,"13,233",00:29:26,743,2026-08-19T12:01:31.611422+00:00
2314,hanworth,www.parkrun.org.uk,Hanworth,291,"6,508","20,514",615,"2,371",00:31:39,655,2026-08-19T12:01:36.021001+00:00
2320,sloughbottom,www.parkrun.org.uk,Sloughbottom,308,"10,363","63,120","1,073","9,149",00:28:58,580,2026-08-19T12:01:39.155587+00:00
2323,uckfield,www.parkrun.org.uk,Uckfield,315,"10,714","30,324",985,"3,802",00:33:25,921,2026-08-19T12:01:43.813457+00:00
2325,clonburwoods,www.parkrun.ie,Clonbur Woods,285,"2,495","17,703",249,"2,274",00:36:47,240,2026-08-19T12:01:48.380115+00:00
2327,conynghamhall,www.parkrun.org.uk,Conyngham Hall,298,"10,756","41,002",756,"5,263",00:30:44,908,2026-08-19T12:01:52.585159+00:00
2328,thomasmills,www.parkrun.org.uk,Thomas Mills,290,"4,744","18,414",243,"2,574",00:29:20,460,2026-08-19T12:01:55.730461+00:00
2350,chasewater,www.parkrun.org.uk,Chasewater,267,"16,203","69,942","1,382","11,588",00:31:30,898,2026-08-19T12:02:00.045473+00:00
2352,bethlemroyalhospital,www.parkrun.org.uk,Bethlem Royal Hospital,301,"7,760","28,470",565,"3,246",00:30:13,612,2026-08-19T12:02:04.737841+00:00
2354,tetburygoodsshed,www.parkrun.org.uk,Tetbury Goods Shed,297,"11,606","41,640",842,"5,313",00:30:29,986,2026-08-19T12:02:09.063183+00:00
2360,polkemmetcountry,www.parkrun.org.uk,Polkemmet Country,297,"6,135","20,734",606,"3,296",00:32:02,417,2026-08-19T12:02:12.193357+00:00
2364,alvaston,www.parkrun.org.uk,Alvaston,293,"16,133","83,699","1,251","12,424",00:29:49,996,2026-08-19T12:02:15.321469+00:00
2381,narinbeach,www.parkrun.ie,Narin Beach,265,"2,573","6,907",172,706,00:31:22,291,2026-08-19T12:02:19.661413+00:00
2383,holycrosscollege,www.parkrun.org.uk,Holy Cross College,286,"2,737","14,962",237,"2,526",00:32:19,208,2026-08-19T12:02:22.777211+00:00
2384,millfield,www.parkrun.org.uk,Millfield,306,"9,703","55,774",529,"7,868",00:30:58,796,2026-08-19T12:02:27.143465+00:00
2387,cyclopark,www.parkrun.org.uk,Cyclopark,296,"9,839","46,798",664,"6,989",00:30:51,663,2026-08-19T12:02:31.544500+00:00
2398,severnvalleycountry,www.parkrun.org.uk,Severn Valley Country,300,"7,835","27,613",659,"3,637",00:32:09,712,2026-08-19T12:02:34.676625+00:00
2402,stmarys,www.parkrun.org.uk,St Mary’s,305,"10,378","35,329",585,"4,306",00:29:25,994,2026-08-19T12:02:39.337764+00:00
2403,beverleywestwood,www.parkrun.org.uk,Beverley Westwood,262,"11,571","64,178",912,"8,910",00:31:16,820,2026-08-19T12:02:42.470125+00:00
2407,herringtoncountry,www.parkrun.org.uk,Herrington Country,285,"12,953","64,968","1,070","9,706",00:31:11,662,2026-08-19T12:02:45.600945+00:00
2408,sixmilewater,www.parkrun.org.uk,Sixmilewater,257,"4,767","27,208",323,"4,270",00:29:50,211,2026-08-19T12:02:48.731210+00:00
2409,theoldshowfield,www.parkrun.org.uk,The Old Showfield,286,"10,727","50,634",783,"7,358",00:29:07,914,2026-08-19T12:02:52.950438+00:00
2414,tawdvalley,www.parkrun.org.uk,Tawd Valley,289,"8,667","32,508",551,"4,806",00:31:56,637,2026-08-19T12:02:57.188157+00:00
2416,drumpelliercountry,www.parkrun.org.uk,Drumpellier Country,279,"11,469","51,872",863,"8,837",00:30:21,573,2026-08-19T12:03:00.326490+00:00
2419,leazes,www.parkrun.org.uk,Leazes,257,"14,393","44,334",958,"6,269",00:28:51,"1,140",2026-08-19T12:03:04.611382+00:00
2427,babbsmill,www.parkrun.org.uk,Babbs Mill,298,"10,293","40,457",691,"5,393",00:32:05,978,2026-08-19T12:03:07.742889+00:00
2429,rossonwye,www.parkrun.org.uk,Ross-on-Wye,222,"8,544","24,094",727,"3,099",00:31:18,846,2026-08-19T12:03:10.853992+00:00
2432,stratfordparkstroud,www.parkrun.org.uk,"Stratford Park, Stroud",257,"8,139","24,943",651,"3,447",00:31:04,769,2026-08-19T12:03:13.988382+00:00
2434,mallardspike,www.parkrun.org.uk,Mallards Pike,267,"9,964","26,900",603,"3,641",00:31:03,840,2026-08-19T12:03:18.272582+00:00
2439,killarneyhouse,www.parkrun.ie,Killarney House,287,"8,550","39,692",532,"5,723",00:28:24,615,2026-08-19T12:03:21.388559+00:00
2446,squerryeswinery,www.parkrun.org.uk,Squerryes Winery,279,"12,388","36,746",715,"4,865",00:31:27,843,2026-08-19T12:03:26.115970+00:00
2449,deancastlecountrypark,www.parkrun.org.uk,Dean Castle Country Park,282,"6,029","29,445",575,"4,576",00:30:28,426,2026-08-19T12:03:29.257205+00:00
2450,millhouses,www.parkrun.org.uk,Millhouses,263,"18,045","99,503","1,279","14,668",00:29:13,998,2026-08-19T12:03:33.600286+00:00
2451,kinggeorgevplayingfield,www.parkrun.org.uk,"King George V Playing Field, Cheltenham",267,"6,127","23,913",727,"2,431",00:30:36,714,2026-08-19T12:03:37.930753+00:00
2452,alderfordlake,www.parkrun.org.uk,Alderford Lake,258,"10,171","30,339",528,"4,782",00:32:03,798,2026-08-19T12:03:41.064069+00:00
2453,deerparkforest,www.parkrun.ie,"Deerpark Forest, Virginia",264,"2,800","12,855",139,"2,090",00:33:38,208,2026-08-19T12:03:44.180998+00:00
2459,mountstuart,www.parkrun.org.uk,Mount Stuart,263,"3,724","9,888",258,"1,268",00:32:48,470,2026-08-19T12:03:48.735943+00:00
2460,milfordwaterfront,www.parkrun.org.uk,Milford Waterfront,277,"6,747","22,550",275,"3,144",00:32:10,814,2026-08-19T12:03:53.197911+00:00
2461,cusworthhall,www.parkrun.org.uk,Cusworth Hall,279,"10,598","39,907",672,"6,401",00:30:32,758,2026-08-19T12:03:56.329606+00:00
2462,brynaman,www.parkrun.org.uk,Brynaman,265,"3,769","14,088",411,"2,169",00:35:16,336,2026-08-19T12:04:00.857941+00:00
2465,warwickracecourse,www.parkrun.org.uk,Warwick Racecourse,260,"17,962","86,902","1,069","11,986",00:29:45,"1,251",2026-08-19T12:04:05.206355+00:00
2466,clevedonsalthousefields,www.parkrun.org.uk,Clevedon Salthouse Fields,273,"18,739","87,388","1,166","12,495",00:29:34,"1,136",2026-08-19T12:04:08.337423+00:00
2481,ifieldmillpond,www.parkrun.org.uk,Ifield Mill Pond,279,"11,208","29,337",811,"3,474",00:30:58,"1,032",2026-08-19T12:04:11.467864+00:00
2487,theleas,www.parkrun.org.uk,"The Leas, Minster",286,"6,825","29,919",378,"4,844",00:30:58,505,2026-08-19T12:04:15.748259+00:00
2491,hunstantonpromenade,www.parkrun.org.uk,Hunstanton Promenade,284,"10,190","25,534",385,"3,189",00:31:17,878,2026-08-19T12:04:19.928600+00:00
2500,coole,www.parkrun.ie,Coole,272,"3,583","18,700",358,"2,602",00:32:28,243,2026-08-19T12:04:24.874925+00:00
2501,universityofstirling,www.parkrun.org.uk,University of Stirling,282,"15,730","59,231",941,"8,768",00:30:07,"1,260",2026-08-19T12:04:27.988933+00:00
2502,jesmonddene,www.parkrun.org.uk,Jesmond Dene,274,"20,311","61,740","1,273","8,501",00:30:07,"1,581",2026-08-19T12:04:32.403821+00:00
2507,uryriverside,www.parkrun.org.uk,Ury Riverside,220,"5,718","24,586",524,"4,162",00:29:26,422,2026-08-19T12:04:35.541100+00:00
2509,jubilee,www.parkrun.org.uk,Jubilee,255,"8,044","17,740",685,"2,143",00:31:20,940,2026-08-19T12:04:39.723559+00:00
2510,queensglasgow,www.parkrun.org.uk,"Queen’s, Glasgow",260,"17,973","48,789","1,342","6,711",00:29:43,"1,546",2026-08-19T12:04:42.858903+00:00
2514,salceyforest,www.parkrun.org.uk,Salcey Forest,274,"11,720","45,019",965,"6,575",00:31:57,794,2026-08-19T12:04:45.991080+00:00
2522,irchestercountry,www.parkrun.org.uk,Irchester Country,281,"16,162","64,978","1,100","8,978",00:32:39,"1,263",2026-08-19T12:04:50.415053+00:00
2529,capepembrokelighthouse,www.parkrun.org.uk,Cape Pembroke Lighthouse,318,"1,527","7,996",90,993,00:35:54,163,2026-08-19T12:04:54.594809+00:00
2532,tremorfa,www.parkrun.org.uk,Tremorfa,257,"6,905","25,852",707,"3,660",00:28:40,625,2026-08-19T12:04:59.026992+00:00
2538,oriam,www.parkrun.org.uk,Oriam,259,"12,437","45,416",869,"7,153",00:29:45,907,2026-08-19T12:05:04.125416+00:00
2539,oaklands,www.parkrun.org.uk,Oaklands,268,"9,984","30,872",793,"3,580",00:31:09,"1,024",2026-08-19T12:05:08.483323+00:00
2542,eastpark,www.parkrun.org.uk,East Park,270,"9,686","32,348","1,039","4,661",00:30:54,850,2026-08-19T12:05:11.614384+00:00
2543,landsend,www.parkrun.org.uk,Land’s End,276,"12,697","24,698",400,"2,196",00:31:04,"1,396",2026-08-19T12:05:14.747856+00:00
2544,sohamvillagecollege,www.parkrun.org.uk,Soham Village College,279,"4,743","21,303",396,"3,260",00:31:17,434,2026-08-19T12:05:19.232756+00:00
2551,sevenfields,www.parkrun.org.uk,Seven Fields,286,"7,909","45,948",789,"6,004",00:31:31,757,2026-08-19T12:05:23.818757+00:00
2552,alexandra,www.parkrun.org.uk,"Alexandra, Moss Side",244,"24,785","105,646","1,321","17,055",00:28:20,"1,239",2026-08-19T12:05:28.270241+00:00
2555,brixworthcountry,www.parkrun.org.uk,Brixworth Country,276,"9,424","37,684",625,"5,619",00:31:35,710,2026-08-19T12:05:31.406348+00:00
2558,agnew,www.parkrun.org.uk,Agnew,268,"3,641","15,290",252,"2,367",00:32:10,494,2026-08-19T12:05:34.541741+00:00
2560,suttonmanor,www.parkrun.org.uk,Sutton Manor,252,"7,231","16,688",553,"2,259",00:31:03,618,2026-08-19T12:05:37.678202+00:00
2569,novaprestatyn,www.parkrun.org.uk,Nova Prestatyn,252,"10,675","43,107",622,"6,768",00:32:58,874,2026-08-19T12:05:40.798024+00:00
2570,chippingnortonschool,www.parkrun.org.uk,Chipping Norton School,254,"9,627","28,602",546,"3,809",00:30:06,958,2026-08-19T12:05:45.283829+00:00
2571,levengrove,www.parkrun.org.uk,Levengrove,256,"6,782","31,548",427,"5,165",00:31:55,612,2026-08-19T12:05:48.422246+00:00
2573,fulbournhospital,www.parkrun.org.uk,Fulbourn Hospital,257,"7,009","28,081",730,"3,907",00:29:28,715,2026-08-19T12:05:52.851044+00:00
2575,cosmestonlakes,www.parkrun.org.uk,Cosmeston Lakes,259,"10,220","38,704",660,"6,157",00:29:24,669,2026-08-19T12:05:55.984109+00:00
2578,sandhurstmemorial,www.parkrun.org.uk,Sandhurst Memorial,253,"11,622","38,978",765,"5,840",00:31:20,849,2026-08-19T12:06:00.416147+00:00
2585,consmith,www.parkrun.ie,Con Smith,248,"2,241","10,057",198,"1,680",00:31:42,197,2026-08-19T12:06:04.875907+00:00
2589,wollatonhall,www.parkrun.org.uk,Wollaton Hall,246,"22,349","95,049","1,002","14,846",00:30:22,"1,280",2026-08-19T12:06:09.121108+00:00
2596,lewscastle,www.parkrun.org.uk,Lews Castle,241,"3,832","9,715",327,"1,295",00:32:11,579,2026-08-19T12:06:12.263634+00:00
2598,berkeleygreen,www.parkrun.org.uk,Berkeley Green,237,"8,190","30,891",606,"4,915",00:29:01,604,2026-08-19T12:06:16.724177+00:00
2599,coedcefnpwlldu,www.parkrun.org.uk,Coed Cefn-pwll-du,248,"5,086","11,083",375,"1,413",00:32:45,523,2026-08-19T12:06:20.993112+00:00
2600,wallaceneuk,www.parkrun.org.uk,Wallaceneuk,264,"6,185","15,295",336,"1,923",00:31:40,777,2026-08-19T12:06:24.112301+00:00
2607,doddingtonhall,www.parkrun.org.uk,Doddington Hall,274,"16,238","78,958",890,"12,760",00:29:54,947,2026-08-19T12:06:27.241855+00:00
2611,beacon,www.parkrun.org.uk,Beacon,253,"14,963","78,497","1,310","12,511",00:29:48,833,2026-08-19T12:06:31.705779+00:00
2613,bowlingpark,www.parkrun.org.uk,Bowling Park,255,"6,557","16,118",377,"2,256",00:31:00,517,2026-08-19T12:06:36.213651+00:00
2615,greatyarmouthnorthbeach,www.parkrun.org.uk,Great Yarmouth North Beach,256,"9,415","16,220",638,"1,212",00:39:12,"1,034",2026-08-19T12:06:39.337830+00:00
2620,rothaypark,www.parkrun.org.uk,Rothay Park,256,"21,124","36,184",557,"3,474",00:29:17,"1,800",2026-08-19T12:06:42.474547+00:00
2624,borrisokanetown,www.parkrun.ie,Borrisokane Town,255,"1,212","5,260",137,695,00:36:55,120,2026-08-19T12:06:46.877447+00:00
2625,bolberrydown,www.parkrun.org.uk,Bolberry Down,237,"9,963","24,097",270,"3,289",00:29:17,948,2026-08-19T12:06:49.996190+00:00
2635,wickfordmemorial,www.parkrun.org.uk,Wickford Memorial,270,"9,160","57,830",675,"9,051",00:30:59,481,2026-08-19T12:06:53.141242+00:00
2640,itchenvalleycountry,www.parkrun.org.uk,Itchen Valley Country,268,"15,581","42,943","1,383","5,546",00:32:09,"1,265",2026-08-19T12:06:56.272049+00:00
2641,crawfordsburncountry,www.parkrun.org.uk,Crawfordsburn Country,250,"5,172","19,912",516,"2,963",00:28:53,346,2026-08-19T12:06:59.404541+00:00
2642,chalkwellbeach,www.parkrun.org.uk,Chalkwell Beach,268,"15,948","100,804","1,078","15,958",00:30:04,719,2026-08-19T12:07:02.534369+00:00
2668,trelaipark,www.parkrun.org.uk,Trelai Park,255,"5,303","14,488",574,"2,001",00:31:02,512,2026-08-19T12:07:05.669794+00:00
2669,faskallyforest,www.parkrun.org.uk,Faskally Forest,250,"6,755","16,592",279,"1,963",00:33:42,778,2026-08-19T12:07:08.799573+00:00
2671,horspath,www.parkrun.org.uk,Horspath,213,"7,628","29,654",655,"4,106",00:30:27,742,2026-08-19T12:07:13.177150+00:00
2674,mallowcastle,www.parkrun.ie,Mallow Castle,242,"3,258","16,575",201,"2,625",00:29:51,240,2026-08-19T12:07:17.812360+00:00
2680,greenfieldvalley,www.parkrun.org.uk,Greenfield Valley,238,"5,602","15,484",312,"2,065",00:31:45,600,2026-08-19T12:07:20.923653+00:00
2690,churchmead,www.parkrun.org.uk,Church Mead,226,"8,040","22,396",555,"3,142",00:32:44,740,2026-08-19T12:07:24.070899+00:00
2691,edgbastonreservoir,www.parkrun.org.uk,Edgbaston Reservoir,242,"19,421","66,022","1,064","9,996",00:28:52,"1,439",2026-08-19T12:07:29.027896+00:00
2710,woodgatevalleycountrypark,www.parkrun.org.uk,Woodgate Valley Country Park,247,"9,777","39,065",735,"6,232",00:31:11,766,2026-08-19T12:07:34.058216+00:00
2711,achillgreenway,www.parkrun.ie,Achill Greenway,230,"2,233","6,617",108,884,00:33:58,236,2026-08-19T12:07:37.171646+00:00
2714,carlislepark,www.parkrun.org.uk,"Carlisle Park, Morpeth",241,"6,503","22,994",439,"3,574",00:30:23,555,2026-08-19T12:07:42.259293+00:00
2730,illaunmanagh,www.parkrun.ie,Illaunmanagh,229,"3,055","13,603",277,"2,055",00:34:13,361,2026-08-19T12:07:47.478093+00:00
2740,peel,www.parkrun.org.uk,Peel,238,"27,027","96,958","1,132","16,593",00:28:23,"1,561",2026-08-19T12:07:50.595272+00:00
2742,bowerpark,www.parkrun.org.uk,Bower Park,245,"2,328","8,513",193,"1,081",00:30:41,357,2026-08-19T12:07:55.979985+00:00
2754,pobalscoilnatrionoide,www.parkrun.ie,Pobalscoil na Tríonóide,223,"2,274","12,095",92,"1,999",00:29:20,195,2026-08-19T12:08:00.994819+00:00
2759,chevinforest,www.parkrun.org.uk,Chevin Forest,253,"11,339","33,831",945,"5,185",00:30:29,872,2026-08-19T12:08:04.195038+00:00
2760,robertspark,www.parkrun.org.uk,Roberts Park,235,"17,173","101,531",795,"15,670",00:30:58,873,2026-08-19T12:08:07.343546+00:00
2761,centralplymouth,www.parkrun.org.uk,"Central, Plymouth",233,"15,994","95,480","1,192","15,959",00:31:00,969,2026-08-19T12:08:10.477938+00:00
2765,penryncampus,www.parkrun.org.uk,Penryn Campus,236,"5,763","15,379",464,"2,237",00:30:46,731,2026-08-19T12:08:15.130361+00:00
2769,thegrandcanalway,www.parkrun.ie,"The Grand Canal Way, Tullamore",233,"2,370","11,328",218,"1,688",00:32:32,207,2026-08-19T12:08:18.245226+00:00
2777,henlowbridgelakes,www.parkrun.org.uk,Henlow Bridge Lakes,237,"9,255","30,554",549,"4,698",00:31:37,648,2026-08-19T12:08:23.689867+00:00
2779,sharphamroadplayingfields,www.parkrun.org.uk,Sharpham Road Playing Fields,234,"8,739","29,686",599,"4,119",00:30:18,862,2026-08-19T12:08:28.822066+00:00
2780,porchfield,www.parkrun.ie,Porch Field,251,"3,306","15,029",370,"2,340",00:31:20,225,2026-08-19T12:08:34.483053+00:00
2798,chiltonfields,www.parkrun.org.uk,Chilton Fields,249,"5,205","22,573",476,"3,685",00:31:21,437,2026-08-19T12:08:37.597489+00:00
2819,hillsboroughforest,www.parkrun.org.uk,Hillsborough Forest,255,"8,058","36,525",403,"6,286",00:29:34,363,2026-08-19T12:08:42.384138+00:00
2873,garvaghforest,www.parkrun.org.uk,Garvagh Forest,242,"2,833","8,992",267,"1,344",00:30:09,245,2026-08-19T12:08:46.811394+00:00
2877,grovefields,www.parkrun.org.uk,Grove Fields,215,"6,825","29,973",636,"4,512",00:31:23,629,2026-08-19T12:08:49.965985+00:00
2885,watermeadcountrypark,www.parkrun.org.uk,Watermead Country Park,226,"14,429","66,591","1,022","11,502",00:30:05,815,2026-08-19T12:08:53.226612+00:00
2886,sutcliffe,www.parkrun.org.uk,Sutcliffe,264,"12,414","66,324",840,"10,326",00:28:49,743,2026-08-19T12:08:56.364092+00:00
2892,flegghigh,www.parkrun.org.uk,Flegg High,214,"3,289","8,668",282,"1,073",00:29:53,449,2026-08-19T12:09:01.174383+00:00
2893,sandringham,www.parkrun.org.uk,Sandringham,246,"14,761","56,946",780,"7,445",00:32:34,"1,093",2026-08-19T12:09:04.311931+00:00
2894,broadwater,www.parkrun.org.uk,Broadwater,243,"11,168","51,110",838,"7,459",00:29:56,791,2026-08-19T12:18:50.660218+00:00
2896,torvean,www.parkrun.org.uk,Torvean,250,"11,674","49,689",710,"7,107",00:30:52,"1,192",2026-08-19T12:18:53.802648+00:00
2899,harlestonmagpies,www.parkrun.org.uk,Harleston Magpies,249,"4,324","19,182",325,"3,065",00:31:56,405,2026-08-19T12:18:58.128238+00:00
2900,cranbrookcountrypark,www.parkrun.org.uk,Cranbrook Country Park,246,"8,661","34,610",684,"5,408",00:29:47,733,2026-08-19T12:19:03.525577+00:00
2901,sandywater,www.parkrun.org.uk,Sandy Water,240,"8,544","42,127",537,"6,556",00:30:33,694,2026-08-19T12:19:06.640173+00:00
2907,charlton,www.parkrun.org.uk,Charlton,256,"9,874","47,589",785,"6,827",00:29:24,751,2026-08-19T12:19:09.781252+00:00
2916,edwincarolancommunity,www.parkrun.ie,Edwin Carolan Community,230,"1,354","7,310",89,968,00:32:56,152,2026-08-19T12:19:14.222394+00:00
2925,sportirelandcampus,www.parkrun.ie,Sport Ireland Campus,238,"2,888","10,553",254,"1,235",00:30:35,241,2026-08-19T12:19:17.363542+00:00
2927,thegreatfield,www.parkrun.org.uk,The Great Field,253,"11,769","65,917",689,"9,549",00:29:50,870,2026-08-19T12:19:20.481039+00:00
2928,swanley,www.parkrun.org.uk,Swanley,230,"5,970","15,757",484,"2,112",00:32:34,539,2026-08-19T12:19:24.687375+00:00
2929,chopwellwood,www.parkrun.org.uk,Chopwell Wood,226,"5,140","14,752",489,"2,086",00:30:43,418,2026-08-19T12:19:28.992063+00:00
2931,thecindertrack,www.parkrun.org.uk,"The Cinder Track, Whitby",250,"14,964","32,893",442,"4,248",00:29:20,"1,264",2026-08-19T12:19:32.130992+00:00
2932,buryfield,www.parkrun.org.uk,Bury Field,235,"6,367","18,840",766,"2,565",00:31:16,553,2026-08-19T12:19:35.275517+00:00
2936,hamsterleyforest,www.parkrun.org.uk,Hamsterley Forest,222,"4,930","13,137",364,"1,883",00:32:32,549,2026-08-19T12:19:38.409174+00:00
2937,altonwater,www.parkrun.org.uk,Alton Water,253,"7,974","22,478",539,"3,357",00:31:09,607,2026-08-19T12:19:42.644139+00:00
2944,markshall,www.parkrun.org.uk,Markshall,228,"9,875","54,121",831,"9,000",00:31:27,572,2026-08-19T12:19:47.203102+00:00
2960,bartleypark,www.parkrun.org.uk,Bartley Park,237,"6,644","30,978",754,"4,197",00:30:47,604,2026-08-19T12:19:50.335563+00:00
2962,westlinks,www.parkrun.org.uk,West Links,243,"5,877","28,431",604,"4,744",00:31:39,440,2026-08-19T12:19:53.467134+00:00
2963,forfarloch,www.parkrun.org.uk,Forfar Loch,218,"6,333","32,379",512,"5,689",00:33:30,428,2026-08-19T12:19:57.725089+00:00
2964,belvoircastle,www.parkrun.org.uk,Belvoir Castle,222,"9,450","22,379",573,"3,429",00:32:34,885,2026-08-19T12:20:02.932734+00:00
2968,southall,www.parkrun.org.uk,Southall,229,"6,629","21,319",601,"2,619",00:32:20,683,2026-08-19T12:20:07.215046+00:00
2969,talkintarncountrypark,www.parkrun.org.uk,Talkin Tarn Country Park,231,"7,957","28,518",463,"4,159",00:30:45,878,2026-08-19T12:20:10.358936+00:00
2970,marineparade,www.parkrun.org.uk,Marine Parade,200,"11,196","42,239",915,"6,634",00:30:10,922,2026-08-19T12:20:14.546747+00:00
2975,greatsalterns,www.parkrun.org.uk,Great Salterns,247,"6,254","18,654",654,"2,743",00:30:35,621,2026-08-19T12:20:18.808604+00:00
2991,ancholmevalleyway,www.parkrun.org.uk,Ancholme Valley Way,216,"6,462","25,085",375,"4,014",00:31:31,538,2026-08-19T12:20:23.127616+00:00
2992,northwalsham,www.parkrun.org.uk,North Walsham,221,"5,178","20,820",450,"3,077",00:31:29,500,2026-08-19T12:20:27.451761+00:00
2993,universityparks,www.parkrun.org.uk,University Parks,234,"28,819","122,935","1,618","17,098",00:28:29,"1,801",2026-08-19T12:20:30.586965+00:00
2995,trenthamgardens,www.parkrun.org.uk,Trentham Gardens,214,"28,292","145,793","1,441","24,001",00:34:15,"1,319",2026-08-19T12:20:33.719496+00:00
3002,downhammarketacademy,www.parkrun.org.uk,Downham Market Academy,217,"3,280","10,217",264,"1,450",00:30:47,341,2026-08-19T12:20:36.860702+00:00
3007,northyorkshirewaterpark,www.parkrun.org.uk,North Yorkshire Water Park,224,"11,584","39,691",472,"6,021",00:31:09,942,2026-08-19T12:20:41.030474+00:00
3008,rendleshamforest,www.parkrun.org.uk,Rendlesham Forest,237,"8,580","25,801",536,"3,871",00:31:43,680,2026-08-19T12:20:45.298752+00:00
3013,frogmarygreenfarm,www.parkrun.org.uk,Frogmary Green Farm,222,"9,554","47,049",979,"6,543",00:31:49,848,2026-08-19T12:20:48.433832+00:00
3014,derrynoidforest,www.parkrun.org.uk,Derrynoid Forest,203,"2,064","6,360",247,983,00:30:18,169,2026-08-19T12:20:52.800297+00:00
3018,ashbournerecreationground,www.parkrun.org.uk,Ashbourne Recreation Ground,204,"10,322","31,315",759,"3,823",00:31:35,960,2026-08-19T12:20:55.933581+00:00
3023,dunleathplayingfields,www.parkrun.org.uk,Dunleath Playing Fields,199,"2,728","10,973",267,"1,693",00:29:39,194,2026-08-19T12:20:59.072398+00:00
3030,durlstoncountrypark,www.parkrun.org.uk,Durlston Country Park,232,"12,993","27,774",684,"3,191",00:36:22,"1,149",2026-08-19T12:21:02.211058+00:00
3033,hastingshighschool,www.parkrun.org.uk,Hastings High School,190,"6,161","24,797",561,"3,683",00:30:40,543,2026-08-19T12:21:06.440583+00:00
3035,edenbrookcountry,www.parkrun.org.uk,Edenbrook Country,189,"12,926","55,913",803,"8,220",00:29:48,866,2026-08-19T12:21:09.577637+00:00
3060,ruthinmemorialplayingfields,www.parkrun.org.uk,Ruthin Memorial Playing Fields,214,"6,322","21,018",375,"3,220",00:30:10,625,2026-08-19T12:21:13.831606+00:00
3061,elderpark,www.parkrun.org.uk,Elder Park,205,"9,103","29,788",763,"5,085",00:27:47,630,2026-08-19T12:21:16.971133+00:00
3062,motepark,www.parkrun.org.uk,Mote Park,215,"10,912","50,457",878,"7,787",00:32:22,691,2026-08-19T12:21:20.106243+00:00
3065,largsprom,www.parkrun.org.uk,Largs Prom,219,"4,184","12,318",341,"1,731",00:29:36,426,2026-08-19T12:21:23.242713+00:00
3066,bramshallroad,www.parkrun.org.uk,Bramshall Road,205,"6,756","20,713",520,"3,283",00:30:20,646,2026-08-19T12:21:27.563317+00:00
3068,llanishenpark,www.parkrun.org.uk,Llanishen Park,209,"8,259","35,236",765,"5,578",00:29:27,574,2026-08-19T12:21:31.894385+00:00
3069,chippenhamplayingfields,www.parkrun.org.uk,"Chippenham Playing Fields, Monmouth",202,"7,319","27,956",571,"4,016",00:30:31,698,2026-08-19T12:21:35.035001+00:00
3071,tidworth,www.parkrun.org.uk,Tidworth,207,"7,469","27,239",405,"4,145",00:30:49,669,2026-08-19T12:21:39.208241+00:00
3076,mildenhallhub,www.parkrun.org.uk,Mildenhall Hub,216,"5,257","22,245",505,"3,723",00:31:53,469,2026-08-19T12:21:43.429567+00:00
3078,alderleypark,www.parkrun.org.uk,Alderley Park,203,"11,755","36,994",622,"5,612",00:29:56,776,2026-08-19T12:21:47.919807+00:00
3082,holyrood,www.parkrun.org.uk,Holyrood,183,"32,750","88,445","1,384","12,901",00:29:14,"2,172",2026-08-19T12:21:51.064213+00:00
3086,limeparkplayingfields,www.parkrun.org.uk,Limepark Playing Fields,195,"2,396","9,648",163,"1,742",00:32:51,184,2026-08-19T12:21:55.300016+00:00
3097,palaceriggcountry,www.parkrun.org.uk,Palacerigg Country,194,"4,959","14,195",326,"2,251",00:31:45,378,2026-08-19T12:21:59.708413+00:00
3098,ballinamoregreenway,www.parkrun.ie,Ballinamore Greenway,204,"1,561","9,115",223,"1,300",00:36:18,150,2026-08-19T12:22:04.070089+00:00
3103,fethardtown,www.parkrun.ie,Fethard Town,201,"1,732","8,758",181,"1,400",00:31:59,161,2026-08-19T12:22:07.221212+00:00
3154,leavesdencountry,www.parkrun.org.uk,Leavesden Country,195,"7,731","20,915",589,"2,927",00:30:44,675,2026-08-19T12:22:11.977506+00:00
3155,mountbellewforest,www.parkrun.ie,Mountbellew Forest,183,"1,575","8,471",170,"1,409",00:33:01,124,2026-08-19T12:22:16.416707+00:00
3158,maryportprom,www.parkrun.org.uk,Maryport Prom,185,"4,146","12,280",243,"1,898",00:29:41,508,2026-08-19T12:22:20.866208+00:00
3160,erskinewaterfront,www.parkrun.org.uk,Erskine Waterfront,186,"5,710","15,577",336,"2,577",00:29:26,468,2026-08-19T12:22:25.195250+00:00
3161,paviliongardens,www.parkrun.org.uk,Pavilion Gardens,187,"16,772","42,110",702,"5,396",00:29:42,"1,346",2026-08-19T12:22:28.326599+00:00
3163,lordshiprecreationground,www.parkrun.org.uk,Lordship Recreation Ground,205,"10,032","40,944",573,"6,342",00:28:01,767,2026-08-19T12:22:32.549986+00:00
3165,gangerfarm,www.parkrun.org.uk,Ganger Farm,194,"9,398","43,183",880,"6,459",00:30:15,659,2026-08-19T12:22:36.855527+00:00
3171,doddervalley,www.parkrun.ie,Dodder Valley,195,"5,910","30,349",749,"4,912",00:31:39,275,2026-08-19T12:22:39.973039+00:00
3175,marketbosworthcountrypark,www.parkrun.org.uk,Market Bosworth Country Park,185,"9,803","30,634",826,"5,288",00:31:54,703,2026-08-19T12:22:44.408225+00:00
3182,auldcathiedistrict,www.parkrun.org.uk,Auldcathie District,183,"7,989","32,464",517,"5,500",00:29:47,482,2026-08-19T12:22:48.647741+00:00
3184,stockleycountry,www.parkrun.org.uk,Stockley Country,184,"6,966","16,969",682,"2,362",00:32:57,704,2026-08-19T12:22:51.779726+00:00
3198,yarboroughleisurecentre,www.parkrun.org.uk,Yarborough Leisure Centre,168,"13,724","37,234","1,105","5,739",00:29:25,"1,292",2026-08-19T12:22:56.303264+00:00
3204,beaconhillcountrypark,www.parkrun.org.uk,Beacon Hill Country Park,179,"9,950","29,248",819,"4,639",00:31:36,815,2026-08-19T12:22:59.437533+00:00
3237,philipspark,www.parkrun.org.uk,Philips Park,164,"10,485","22,046",785,"3,288",00:29:43,875,2026-08-19T12:23:03.895127+00:00
3239,sharphamestate,www.parkrun.org.uk,Sharpham Estate,168,"6,869","17,826",435,"2,456",00:30:56,732,2026-08-19T12:23:08.233064+00:00
3240,abbeypark,www.parkrun.org.uk,Abbey Park,159,"12,309","46,495",866,"7,844",00:30:36,842,2026-08-19T12:23:11.365921+00:00
3249,wynyardwoodland,www.parkrun.org.uk,Wynyard Woodland,171,"7,862","24,285",594,"4,147",00:30:15,540,2026-08-19T12:23:15.539612+00:00
3255,blaisecastle,www.parkrun.org.uk,Blaise Castle,148,"14,935","43,983",984,"6,602",00:30:27,"1,011",2026-08-19T12:23:19.745962+00:00
3272,thamespathwoolwich,www.parkrun.org.uk,"Thames Path, Woolwich",166,"14,668","43,436","1,068","6,515",00:30:12,"1,229",2026-08-19T12:23:22.883423+00:00
3281,inismeain,www.parkrun.ie,Inis Meáin,159,"3,074","4,746",170,391,00:36:29,551,2026-08-19T12:23:26.000875+00:00
3282,thornhamwalks,www.parkrun.org.uk,Thornham Walks,146,"5,482","16,264",454,"3,190",00:32:18,443,2026-08-19T12:23:29.117742+00:00
3286,dentondene,www.parkrun.org.uk,Denton Dene,157,"5,584","16,596",488,"2,839",00:30:13,450,2026-08-19T12:23:33.299814+00:00
3294,oldrailwaytrailllangollen,www.parkrun.org.uk,"Old Railway Trail, Llangollen",159,"9,094","18,525",424,"2,120",00:30:27,972,2026-08-19T12:23:37.546660+00:00
3303,universityofnorthampton,www.parkrun.org.uk,University of Northampton,138,"11,569","26,417","1,083","3,520",00:30:16,"1,121",2026-08-19T12:23:40.688049+00:00
3314,teifimarshesnaturereserve,www.parkrun.org.uk,Teifi Marshes Nature Reserve,161,"5,745","15,329",304,"2,308",00:31:23,641,2026-08-19T12:23:43.822305+00:00
3315,ashingtoncommunitywoodland,www.parkrun.org.uk,Ashington Community Woodland,139,"4,470","8,949",368,"1,220",00:30:06,408,2026-08-19T12:23:48.131863+00:00
3324,doverwaterfront,www.parkrun.org.uk,Dover Waterfront,138,"6,362","24,315",389,"4,225",00:29:21,585,2026-08-19T12:23:51.267669+00:00
3326,holbrooks,www.parkrun.org.uk,Holbrooks,145,"5,011","12,272",549,"1,847",00:31:21,526,2026-08-19T12:23:54.441096+00:00
3334,aberfields,www.parkrun.org.uk,Aberfields,141,"2,927","8,183",325,"1,221",00:31:53,307,2026-08-19T12:23:57.573481+00:00
3337,wisbech,www.parkrun.org.uk,Wisbech,153,"4,263","22,824",424,"4,044",00:32:29,416,2026-08-19T12:24:02.331886+00:00
3341,thorpperrow,www.parkrun.org.uk,Thorp Perrow,137,"8,401","17,707",476,"2,648",00:32:10,750,2026-08-19T12:24:06.540009+00:00
3347,quakerswalk,www.parkrun.org.uk,Quakers Walk,144,"12,452","27,831",934,"3,422",00:31:09,"1,279",2026-08-19T12:24:09.675604+00:00
3353,whitekirkhill,www.parkrun.org.uk,Whitekirk Hill,145,"4,268","9,269",309,"1,180",00:31:36,462,2026-08-19T12:24:13.915372+00:00
3354,muncastercastle,www.parkrun.org.uk,Muncaster Castle,139,"5,107","12,507",282,"1,730",00:33:08,670,2026-08-19T12:24:18.202741+00:00
3355,sillothpromenade,www.parkrun.org.uk,Silloth Promenade,138,"2,617","4,907",132,635,00:31:08,416,2026-08-19T12:24:22.717134+00:00
3360,clarence,www.parkrun.org.uk,Clarence,135,"6,649","13,899",590,"2,104",00:32:03,549,2026-08-19T12:24:25.851104+00:00
3361,sencevalleyforestpark,www.parkrun.org.uk,Sence Valley Forest Park,136,"7,810","20,669",622,"3,586",00:31:10,591,2026-08-19T12:24:30.072654+00:00
3362,fivearches,www.parkrun.org.uk,Five Arches,141,"8,479","23,899",554,"4,054",00:28:47,744,2026-08-19T12:24:33.212340+00:00
3370,setuarena,www.parkrun.ie,SETU Arena,128,"2,655","11,533",187,"2,398",00:32:33,181,2026-08-19T12:24:37.458523+00:00
3371,baysgarthpark,www.parkrun.org.uk,Baysgarth Park,144,"4,721","18,130",356,"3,229",00:32:03,404,2026-08-19T12:24:41.682184+00:00
3373,tamworthcastlegrounds,www.parkrun.org.uk,Tamworth Castle Grounds,132,"12,256","41,318",777,"7,306",00:31:19,877,2026-08-19T12:24:44.842933+00:00
3374,thonocklanefarm,www.parkrun.org.uk,Thonock Lane Farm,146,"4,294","13,850",275,"2,227",00:32:56,437,2026-08-19T12:24:49.025033+00:00
3378,worden,www.parkrun.org.uk,Worden,132,"9,742","28,705",481,"5,484",00:30:53,639,2026-08-19T12:24:52.158451+00:00
3383,carlingwarkloch,www.parkrun.org.uk,Carlingwark Loch,132,"4,111","11,286",348,"1,852",00:31:54,553,2026-08-19T12:24:55.294367+00:00
3385,riversidewalk,www.parkrun.org.uk,Riverside Walk,129,"4,517","8,020",240,811,00:31:42,597,2026-08-19T12:24:59.556797+00:00
3386,fenitgreenway,www.parkrun.ie,Fenit Greenway,144,"2,156","10,573",416,"1,628",00:30:48,164,2026-08-19T12:25:02.676962+00:00
3402,universityofgalway,www.parkrun.ie,University of Galway,134,"5,513","17,090",576,"2,684",00:30:01,470,2026-08-19T12:25:05.815228+00:00
3403,battlesteadcroft,www.parkrun.org.uk,Battlestead Croft,124,"4,598","9,386",470,"1,336",00:31:04,490,2026-08-19T12:25:10.017330+00:00
3418,brunswickpark,www.parkrun.org.uk,Brunswick Park,126,"4,065","7,997",541,"1,045",00:32:25,461,2026-08-19T12:25:14.250307+00:00
3430,laytownbeach,www.parkrun.ie,Laytown Beach,91,"2,472","6,559",235,939,00:33:08,224,2026-08-19T12:25:18.517464+00:00
3439,tubbercurrytrail,www.parkrun.ie,Tubbercurry Trail,120,"1,618","7,800",226,"1,411",00:36:12,147,2026-08-19T12:25:22.832711+00:00
3445,montaltoestate,www.parkrun.org.uk,Montalto Estate,102,"4,255","13,003",272,"2,667",00:35:47,219,2026-08-19T12:25:27.138408+00:00
3446,wakehurst,www.parkrun.org.uk,Wakehurst,115,"13,590","44,789",732,"7,955",00:31:44,767,2026-08-19T12:25:30.283676+00:00
3458,cycleroute43ystalyfera,www.parkrun.org.uk,"Cycle Route 43, Ystalyfera",116,"4,310","11,831",404,"2,103",00:31:56,345,2026-08-19T12:25:34.508386+00:00
3467,glenfarnewood,www.parkrun.ie,Glenfarne Wood,111,"1,406","6,455",179,"1,101",00:34:48,137,2026-08-19T12:25:37.622757+00:00
3477,thefishermanswalk,www.parkrun.org.uk,The Fisherman’s Walk,104,"3,033","9,731",153,"1,881",00:32:16,179,2026-08-19T12:25:41.837022+00:00
3480,fulwellquarry,www.parkrun.org.uk,Fulwell Quarry,108,"4,779","11,370",354,"1,784",00:30:31,392,2026-08-19T12:25:44.981047+00:00
3481,morden,www.parkrun.org.uk,Morden,96,"7,920","18,939",674,"2,657",00:30:50,695,2026-08-19T12:25:48.114176+00:00
3485,athlonersc,www.parkrun.ie,Athlone RSC,115,"2,641","12,152",289,"2,153",00:31:14,237,2026-08-19T12:25:51.229520+00:00
3490,ypromenad,www.parkrun.org.uk,"Y Promenâd, Aberhonddu",112,"10,772","16,990",597,"1,824",00:30:48,"1,178",2026-08-19T12:25:54.343358+00:00
3498,bughunterwaters,www.parkrun.org.uk,Bug Hunter Waters,106,"8,184","26,103",706,"4,781",00:29:50,703,2026-08-19T12:25:57.489138+00:00
3503,mallingrec,www.parkrun.org.uk,Malling Rec,110,"6,118","15,086",572,"2,337",00:30:54,510,2026-08-19T12:26:00.618000+00:00
3507,ypromenadabermaw,www.parkrun.org.uk,"Y Promenâd, Abermaw",102,"6,898","10,368",444,925,00:30:24,962,2026-08-19T12:26:05.194442+00:00
3511,theplens,www.parkrun.org.uk,The Plens,89,"3,842","6,525",402,842,00:31:38,436,2026-08-19T12:26:08.331104+00:00
3512,threebrooks,www.parkrun.org.uk,Three Brooks,106,"10,952","33,966",673,"5,858",00:30:18,805,2026-08-19T12:26:12.604297+00:00
3519,withernseapromenade,www.parkrun.org.uk,Withernsea Promenade,93,"3,234","6,918",207,950,00:30:57,388,2026-08-19T12:26:16.756590+00:00
3522,dereham,www.parkrun.org.uk,Dereham,108,"4,823","16,820",499,"2,967",00:33:50,415,2026-08-19T12:26:19.888594+00:00
3527,skinadin,www.parkrun.org.uk,Skinadin,102,"2,738","4,836",212,528,00:33:08,488,2026-08-19T12:26:23.024326+00:00
3534,crinancanal,www.parkrun.org.uk,"Crinan Canal, Lochgilphead",78,"1,865","4,317",201,692,00:32:00,257,2026-08-19T12:26:27.324407+00:00
3554,paisleypark,www.parkrun.org.uk,Paisley Park,88,"2,350","4,327",188,636,00:29:27,195,2026-08-19T12:26:31.608127+00:00
3557,battersea,www.parkrun.org.uk,Battersea,80,"41,182","82,883","1,308","12,580",00:27:00,"2,021",2026-08-19T12:26:34.749546+00:00
3561,simmonspark,www.parkrun.org.uk,Simmons Park,88,"4,814","14,115",395,"2,554",00:31:09,525,2026-08-19T12:26:39.149370+00:00
3562,bundoranpromenade,www.parkrun.ie,Bundoran Promenade,80,"2,369","5,395",128,898,00:32:34,226,2026-08-19T12:26:43.571470+00:00
3575,cockermouthgreenway,www.parkrun.org.uk,Cockermouth Greenway,86,"3,407","7,119",296,"1,086",00:29:42,506,2026-08-19T12:26:46.694710+00:00
3590,ingrebournehill,www.parkrun.org.uk,Ingrebourne Hill,80,"6,490","9,850",741,"1,025",00:31:30,773,2026-08-19T12:26:49.846681+00:00
3591,birchallplayingfields,www.parkrun.org.uk,Birchall Playing Fields,82,"5,039","11,178",342,"1,826",00:29:49,549,2026-08-19T12:26:52.984674+00:00
3598,blackrocks,www.parkrun.org.uk,Black Rocks,81,"11,313","21,163",540,"2,914",00:30:31,996,2026-08-19T12:26:56.121552+00:00
3600,oaklandscollege,www.parkrun.org.uk,Oaklands College,73,"6,114","9,584",518,"1,220",00:31:56,641,2026-08-19T12:26:59.257380+00:00
3601,greendalefarmshop,www.parkrun.org.uk,Greendale Farm Shop,80,"6,385","11,987",477,"1,926",00:32:19,612,2026-08-19T12:27:02.395138+00:00
3602,vermuydenway,www.parkrun.org.uk,Vermuyden Way,79,"5,849","7,846",483,618,00:32:38,660,2026-08-19T12:27:06.489678+00:00
3608,vicarwatercountrypark,www.parkrun.org.uk,Vicar Water Country Park,81,"8,780","13,355",577,"1,504",00:33:50,935,2026-08-19T12:27:09.630186+00:00
3613,thoulstone,www.parkrun.org.uk,Thoulstone,78,"4,561","9,619",400,"1,460",00:32:03,538,2026-08-19T12:27:12.768185+00:00
3614,eghamorbit,www.parkrun.org.uk,Egham Orbit,79,"6,313","10,578",554,"1,181",00:32:11,667,2026-08-19T12:27:17.054887+00:00
3619,midletongreenway,www.parkrun.ie,Midleton Greenway,78,"3,305","12,540",264,"2,405",00:31:05,219,2026-08-19T12:27:20.170759+00:00
3622,cuningarloop,www.parkrun.org.uk,Cuningar Loop,71,"7,272","20,533",471,"4,053",00:29:55,430,2026-08-19T12:27:23.288612+00:00
3633,bensyardely,www.parkrun.org.uk,"Ben’s Yard, Ely",72,"5,686","13,198",313,"2,165",00:32:33,517,2026-08-19T12:27:27.671705+00:00
3635,queenelizabethsgrammarschool,www.parkrun.org.uk,Queen Elizabeth’s Grammar School,66,"5,988","10,050",651,"1,116",00:32:47,797,2026-08-19T12:27:30.813059+00:00
3637,fitzmauricepark,www.parkrun.org.uk,Fitzmaurice Park,67,"4,236","11,573",355,"1,920",00:31:38,327,2026-08-19T12:27:35.173118+00:00
3638,nairnlinks,www.parkrun.org.uk,Nairn Links,65,"3,629","9,671",216,"1,967",00:30:40,346,2026-08-19T12:27:38.313164+00:00
3643,meonvalleytrailwickham,www.parkrun.org.uk,"Meon Valley Trail, Wickham",72,"7,555","17,277",534,"2,769",00:31:34,578,2026-08-19T12:27:42.555461+00:00
3644,feldyroofitnesstrail,www.parkrun.org.uk,FeldyRoo Fitness Trail,63,"2,759","4,736",208,549,00:31:49,346,2026-08-19T12:27:45.690468+00:00
3652,parkinthepast,www.parkrun.org.uk,Park in the Past,59,"6,200","11,706",263,"1,800",00:31:37,540,2026-08-19T12:27:48.826373+00:00
3656,lurganpark,www.parkrun.org.uk,Lurgan Park,60,"3,183","8,195",248,"1,454",00:30:14,177,2026-08-19T12:27:53.095566+00:00
3658,brickfieldspark,www.parkrun.org.uk,Brickfields Park,60,"6,457","15,104",468,"2,395",00:28:58,659,2026-08-19T12:27:56.233187+00:00
3659,loughmacrory,www.parkrun.org.uk,Loughmacrory,64,"1,491","3,854",138,677,00:30:48,138,2026-08-19T12:28:00.681013+00:00
3668,christie,www.parkrun.org.uk,Christie,57,"2,435","6,520",131,"1,130",00:29:59,187,2026-08-19T12:28:04.957264+00:00
3669,castlewoods,www.parkrun.org.uk,Castle Woods,59,"2,490","6,002",232,"1,118",00:31:19,253,2026-08-19T12:28:09.222515+00:00
3672,coronationpark,www.parkrun.org.uk,Coronation Park,64,"4,458","8,562",420,"1,422",00:31:24,429,2026-08-19T12:28:13.416182+00:00
3681,newrygreenway,www.parkrun.org.uk,Newry Greenway,63,"3,217","8,792",113,"1,600",00:30:18,226,2026-08-19T12:28:16.558185+00:00
3683,parccoedgwilym,www.parkrun.org.uk,Parc Coed Gwilym,58,"2,929","7,297",241,"1,412",00:32:28,284,2026-08-19T12:28:19.703928+00:00
3686,riversideparkglenrothes,www.parkrun.org.uk,"Riverside Park, Glenrothes",58,"4,266","11,330",368,"2,239",00:32:23,290,2026-08-19T12:28:23.988695+00:00
3691,jubileebedford,www.parkrun.org.uk,"Jubilee, Bedford",62,"7,774","11,128",655,"1,081",00:31:11,936,2026-08-19T12:28:28.220174+00:00
3692,heritagecoastalpatheasington,www.parkrun.org.uk,"Heritage Coastal Path, Easington",60,"3,722","5,853",181,647,00:32:43,339,2026-08-19T12:28:31.352943+00:00
3696,woodlandsscarborough,www.parkrun.org.uk,"Woodlands, Scarborough",58,"5,951","12,368",369,"1,801",00:30:37,599,2026-08-19T12:28:35.511940+00:00
3701,christchurchpark,www.parkrun.org.uk,Christchurch Park,55,"4,887","17,558",419,"3,516",00:31:42,374,2026-08-19T12:28:38.656674+00:00
3705,fordingbridgerecreationground,www.parkrun.org.uk,Fordingbridge Recreation Ground,51,"4,629","9,233",373,"1,545",00:31:40,453,2026-08-19T12:28:42.834711+00:00
3708,eastholmesfield,www.parkrun.org.uk,East Holmes Field,48,"6,146","11,338",312,"1,593",00:31:10,526,2026-08-19T12:28:47.145432+00:00
3714,tourmakeadywood,www.parkrun.ie,Tourmakeady Wood,49,551,"1,377",49,203,00:36:58,71,2026-08-19T12:28:51.525028+00:00
3717,anagachwoods,www.parkrun.org.uk,Anagach Woods,48,"1,982","3,421",184,492,00:31:15,259,2026-08-19T12:28:54.647476+00:00
3727,haughmondhill,www.parkrun.org.uk,Haughmond Hill,47,"4,193","8,240",345,"1,305",00:32:41,432,2026-08-19T12:28:58.848886+00:00
3729,brookleys,www.parkrun.org.uk,Brook Leys,50,"7,448","22,103",417,"3,805",00:28:04,618,2026-08-19T12:29:01.986127+00:00
3733,belvoirforest,www.parkrun.org.uk,Belvoir Forest,44,"2,558","4,399",284,640,00:32:19,177,2026-08-19T12:29:06.283434+00:00
3736,loughhead,www.parkrun.org.uk,Lough Head,44,"1,146","2,380",117,394,00:31:42,119,2026-08-19T12:29:10.575219+00:00
3739,victoriaparknewbury,www.parkrun.org.uk,"Victoria Park, Newbury",23,"5,635","8,352",376,962,00:30:45,613,2026-08-19T12:29:13.714486+00:00
3740,broadmeadowlinear,www.parkrun.ie,Broadmeadow Linear,42,"1,381","2,523",127,335,00:30:17,129,2026-08-19T12:29:16.838154+00:00
3753,stanborough,www.parkrun.org.uk,Stanborough,44,"4,425","7,745",282,"1,064",00:31:09,433,2026-08-19T12:29:19.960414+00:00
3754,ushawhistorichouse,www.parkrun.org.uk,Ushaw Historic House,36,"5,347","7,523",370,835,00:32:23,565,2026-08-19T12:29:23.110021+00:00
3755,becclesquay,www.parkrun.org.uk,Beccles Quay,35,"2,896","4,758",257,599,00:31:40,301,2026-08-19T12:29:26.256649+00:00
3756,bonessforeshore,www.parkrun.org.uk,Bo’ness Foreshore,43,"5,062","10,571",273,"2,158",00:30:03,320,2026-08-19T12:29:30.615529+00:00
3760,thedemesnes,www.parkrun.org.uk,The Demesnes,42,"2,942","4,750",253,543,00:32:05,398,2026-08-19T12:29:34.967352+00:00
3761,downslinkshorehambysea,www.parkrun.org.uk,"Downs Link, Shoreham-by-Sea",46,"5,630","11,554",514,"1,994",00:29:31,445,2026-08-19T12:29:38.109512+00:00
3770,kilkennylanecountry,www.parkrun.org.uk,Kilkenny Lane Country,37,"4,262","6,625",317,826,00:31:06,513,2026-08-19T12:29:42.340505+00:00
3779,whitecliffelake,www.parkrun.org.uk,Whitecliffe Lake,41,"4,707","8,575",314,"1,357",00:32:08,405,2026-08-19T12:29:45.490123+00:00
3786,franksfarm,www.parkrun.org.uk,Frank’s Farm,40,"5,547","9,696",415,"1,519",00:31:07,507,2026-08-19T12:29:48.634569+00:00
3787,elemorepark,www.parkrun.org.uk,Elemore Park,38,"3,076","4,148",310,457,00:31:26,286,2026-08-19T12:29:51.755005+00:00
3792,llanfoistcrossing,www.parkrun.org.uk,Llanfoist Crossing,39,"4,065","6,732",310,"1,024",00:30:26,415,2026-08-19T12:29:54.905265+00:00
3800,kirkharlecourtyard,www.parkrun.org.uk,Kirkharle Courtyard,33,"2,762","3,670",189,329,00:31:01,271,2026-08-19T12:29:58.051832+00:00
3801,greenwichpeninsula,www.parkrun.org.uk,Greenwich Peninsula,35,"11,368","17,068",499,"2,085",00:29:31,968,2026-08-19T12:30:01.201905+00:00
3802,parcdewisant,www.parkrun.org.uk,Parc Dewi Sant,36,"1,730","3,385",153,568,00:32:24,221,2026-08-19T12:30:04.344474+00:00
3803,pertonplayingfields,www.parkrun.org.uk,Perton Playing Fields,37,"2,672","4,451",318,705,00:32:21,314,2026-08-19T12:30:07.486035+00:00
3804,queenswoodcountrypark,www.parkrun.org.uk,Queenswood Country Park,34,"4,183","5,564",357,624,00:34:53,599,2026-08-19T12:30:11.645368+00:00
3805,stmatthewsfield,www.parkrun.org.uk,St Matthew’s Field,35,"2,973","6,159",248,"1,218",00:33:06,315,2026-08-19T12:30:16.033654+00:00
3806,ypromenadllandrilloynrhos,www.parkrun.org.uk,"Y Promenâd, Llandrillo-yn-Rhos",38,"7,761","17,426",400,"3,032",00:30:39,836,2026-08-19T12:30:19.156824+00:00
3809,aruwrittle,www.parkrun.org.uk,ARU Writtle,33,"4,208","6,859",282,832,00:30:06,368,2026-08-19T12:30:22.302122+00:00
3812,highcliffebeach,www.parkrun.org.uk,Highcliffe Beach,36,"8,049","14,307",339,"2,190",00:32:27,657,2026-08-19T12:30:25.440508+00:00
3815,beecraigscountrypark,www.parkrun.org.uk,Beecraigs Country Park,32,"3,262","5,072",308,837,00:31:37,266,2026-08-19T12:30:29.747512+00:00
3817,belladrum,www.parkrun.org.uk,Belladrum,21,"1,435","2,866",107,606,00:32:30,156,2026-08-19T12:30:33.986408+00:00
3821,flintcastle,www.parkrun.org.uk,Flint Castle,29,"4,894","7,486",225,"1,127",00:32:57,451,2026-08-19T12:30:37.128151+00:00
3822,holmepierrepont,www.parkrun.org.uk,Holme Pierrepont,18,"5,024","6,528",247,817,00:31:35,453,2026-08-19T12:30:40.277678+00:00
3826,thelostgardensofheligan,www.parkrun.org.uk,The Lost Gardens of Heligan,31,"4,839","6,933",333,756,00:36:24,562,2026-08-19T12:30:43.420701+00:00
3827,yorkcommunitywoodland,www.parkrun.org.uk,York Community Woodland,29,"7,641","12,942",453,"1,782",00:30:57,793,2026-08-19T12:30:46.549725+00:00
3830,holywellkinggeorgevplayingfields,www.parkrun.org.uk,Holywell King George V Playing Fields,28,"3,118","3,911",288,313,00:31:04,407,2026-08-19T12:30:50.835378+00:00
3837,gibraltarbotanicalgardens,www.parkrun.org.uk,Gibraltar Botanical Gardens,26,"1,796","2,850",219,414,00:34:15,360,2026-08-19T12:30:53.985111+00:00
3841,waltonpromenade,www.parkrun.org.uk,Walton Promenade,25,"3,533","6,270",144,876,00:31:24,319,2026-08-19T12:30:57.103980+00:00
3843,victoriaembankment,www.parkrun.org.uk,"Victoria Embankment, Nottingham",21,"7,635","13,024",402,"1,949",00:29:14,617,2026-08-19T12:31:00.245597+00:00
3846,ardsforestpark,www.parkrun.ie,Ards Forest Park,17,948,"1,719",47,227,00:34:34,104,2026-08-19T12:31:04.711995+00:00
3848,weststowcountry,www.parkrun.org.uk,West Stow Country,21,"2,563","3,393",170,334,00:32:17,268,2026-08-19T12:31:09.252332+00:00
3860,rothamstedpark,www.parkrun.org.uk,Rothamsted Park,19,"4,360","8,553",333,"1,504",00:30:24,337,2026-08-19T12:31:13.470258+00:00
3864,wiltonlodgepark,www.parkrun.org.uk,Wilton Lodge Park,18,"1,575","2,656",117,431,00:30:36,224,2026-08-19T12:31:17.769033+00:00
3865,llwybrdyffryntywinantgaredig,www.parkrun.org.uk,"Llwybr Dyffryn Tywi, Nantgaredig",19,"2,103","3,696",133,672,00:30:08,193,2026-08-19T12:31:22.039875+00:00
3873,waverleylakes,www.parkrun.org.uk,Waverley Lakes,18,"3,696","5,008",195,542,00:32:04,358,2026-08-19T12:31:25.174201+00:00
3874,ladymaryswalk,www.parkrun.org.uk,Lady Mary’s Walk,18,"1,611","2,149",130,234,00:30:27,195,2026-08-19T12:31:28.321847+00:00
3875,greenpark,www.parkrun.org.uk,Green Park,18,"4,855","7,763",316,"1,088",00:31:30,455,2026-08-19T12:31:32.643216+00:00
3878,riversideballymoney,www.parkrun.org.uk,"Riverside, Ballymoney",16,"1,028","1,555",86,181,00:30:34,104,2026-08-19T12:31:35.772298+00:00
3885,thorneybaybeach,www.parkrun.org.uk,Thorney Bay Beach,16,"3,052","4,851",215,665,00:32:24,273,2026-08-19T12:31:38.915516+00:00
3886,kingswayparkurmston,www.parkrun.org.uk,"Kingsway Park, Urmston",16,"4,818","6,214",281,644,00:31:10,393,2026-08-19T12:31:43.049037+00:00
3889,drumlanrigcastle,www.parkrun.org.uk,Drumlanrig Castle,12,"1,295","1,648",91,151,00:32:19,212,2026-08-19T12:31:46.191907+00:00
3890,abbotswood,www.parkrun.org.uk,Abbot’s Wood,15,"2,336","3,094",170,328,00:32:07,254,2026-08-19T12:31:49.315664+00:00
3900,claudycountrypark,www.parkrun.org.uk,Claudy Country Park,14,603,917,47,112,00:31:40,80,2026-08-19T12:31:52.543210+00:00
3906,pomeroyforest,www.parkrun.org.uk,Pomeroy Forest,13,657,819,50,41,00:31:31,81,2026-08-19T12:31:56.931093+00:00
3907,plantationforest,www.parkrun.org.uk,Plantation Forest,6,111,346,26,55,00:47:01,1,2026-08-19T12:32:00.063954+00:00
3915,queensway,www.parkrun.org.uk,Queensway,11,"3,472","4,029",240,258,00:32:44,442,2026-08-19T12:32:03.201528+00:00
3926,broughtyferryesplanade,www.parkrun.org.uk,Broughty Ferry Esplanade,8,"1,978","2,920",129,446,00:30:55,176,2026-08-19T12:32:06.332030+00:00
3927,oakeypark,www.parkrun.org.uk,Oakey Park,8,"1,944","2,276",110,179,00:31:28,186,2026-08-19T12:32:10.534920+00:00
3932,ballymount,www.parkrun.ie,Ballymount,7,933,"1,219",99,150,00:31:30,97,2026-08-19T12:32:14.907979+00:00
3933,brackenhurstcampus,www.parkrun.org.uk,Brackenhurst Campus,7,"1,838","2,132",148,135,00:31:56,210,2026-08-19T12:32:18.023553+00:00
3937,valeparkburslem,www.parkrun.org.uk,"Vale Park, Burslem",6,"1,795","1,954",94,75,00:32:24,243,2026-08-19T12:32:21.179570+00:00
3943,jeskynscommunitywoodland,www.parkrun.org.uk,Jeskyns Community Woodland,5,"2,415","2,620",147,95,00:32:14,297,2026-08-19T12:32:24.316479+00:00
3948,bittesbycountrypark,www.parkrun.org.uk,Bittesby Country Park,4,"1,286","1,460",84,92,00:31:22,145,2026-08-19T12:32:27.454640+00:00
3949,aeforest,www.parkrun.org.uk,Ae Forest,4,484,533,57,27,00:31:11,97,2026-08-19T12:32:31.785886+00:00
3954,coftonpark,www.parkrun.org.uk,Cofton Park,2,847,911,76,30,00:32:06,104,2026-08-19T12:32:35.987727+00:00
3955,westbaydunoon,www.parkrun.org.uk,"West Bay, Dunoon",2,202,232,32,11,00:31:28,37,2026-08-19T12:32:39.119911+00:00
3968,festivalgreen,www.parkrun.org.uk,Festival Green,0,0,0,0,0,Groups: 0,0,2026-08-19T12:32:43.549258+00:00
